nct_id,indication_raw,indication_group
NCT06669572,Anorectal Cancer,Colorectal Cancer
NCT06669572,Epithelial Neoplasm,Ovarian Cancer
NCT06883552,Thoracic Neoplasm,NSCLC
NCT06366490,Ovarian Cancer,Ovarian Cancer
NCT06835387,Small Intestinal Adenocarcinoma,Colorectal Cancer
NCT06896188,Pancreatic Cancer,Pancreatic Cancer
NCT06822972,Multiple Myeloma,Multiple Myeloma
NCT06822972,Multiple Myeloma,Multiple Myeloma
NCT06906562,Pancreatic Cancer,Pancreatic Cancer
NCT06906562,FGFR Mutation,Other
NCT06906562,Renal Cell Carcinoma,Other
NCT06906562,FGFR2 Gene Translocation,Other
NCT06906562,Pancreatic Cancer,Pancreatic Cancer
NCT06906562,Epithelial Neoplasm,Ovarian Cancer
NCT06328036,Glioblastoma,Other
NCT06066138,Soft Tissue Sarcoma,Other
NCT06066138,Soft Tissue Sarcoma,Other
NCT06066138,Non-Small Cell Lung Cancer,NSCLC
NCT06066138,Epithelial Neoplasm,Ovarian Cancer
NCT06066138,Neuroendocrine Carcinoma,Other
NCT06066138,Epithelial Neoplasm,Ovarian Cancer
NCT06066138,Hepatocellular Carcinoma,Other
NCT06066138,Hepatocellular Carcinoma,Other
NCT06066138,Skin Melanoma,Other
NCT06066138,Metastatic Melanoma,Other
NCT06908031,Osteosarcoma,Other
NCT06908031,MSS,Other
NCT06908031,Rectal Carcinoma,Other
NCT06912152,Peritoneal Malignant Mesothelioma,Other
NCT05903833,Vulvar Carcinoma,Other
NCT05903833,Vulvar Carcinoma,Other
NCT05903833,Vulvar Carcinoma,Other
NCT05903833,Vulvar Carcinoma,Other
NCT06364267,Breast Cancer,Breast Cancer
NCT06508931,Hematology,Hematologic Malignancies
NCT06517017,Multiple Myeloma,Multiple Myeloma
NCT06517017,Plasma Cell Leukemia,Other
NCT06887803,Primary Myelofibrosis,Other
NCT06882746,Colorectal Cancer,Colorectal Cancer
NCT06882746,Gastric Cancer,Gastric Cancer
NCT06882746,Pancreatic Cancer,Pancreatic Cancer
NCT06682637,Multiple Myeloma,Multiple Myeloma
NCT06914128,Solid Tumors,Solid Tumors (NOS)
NCT06728072,Colorectal Cancer,Colorectal Cancer
NCT06728072,Colorectal Cancer,Colorectal Cancer
NCT06417190,Glioma,Other
NCT06417190,Muscle Invasive Bladder Cancer,Other
NCT06834672,Fallopian Tube Cancer,Other
NCT06834672,Ovarian Cancer,Ovarian Cancer
NCT06834672,Primary Peritoneal Cancer,Other
NCT06856200,HER2-Negative Breast Cancer,Other
NCT06856200,Endocrine Neoplasm,Other
NCT06560879,Thoracic Neoplasm,NSCLC
NCT06560879,Probiotics,Other
NCT06560879,Gastrointestinal Diseases,Other
NCT06801730,Glioma,Other
NCT06851247,Nasopharyngeal Cancer,Other
NCT06352866,Multiple Myeloma,Multiple Myeloma
NCT06352866,Cytokine Release Syndrome,Other
NCT06352866,Multiple Myeloma,Multiple Myeloma
NCT06352866,Immune Effector Cell Associated Neurotoxicity Syndrome,Other
NCT06744894,Multiple Myeloma,Multiple Myeloma
NCT06772428,Head and Neck Squamous Cell Carcinoma,Head & Neck Cancer
NCT06772428,Underwent Surgery Within 6 Weeks and Postoperative Assessment Indicated High-risk Factors,Other
NCT06720324,Hematology,Hematologic Malignancies
NCT06735131,Triple-Negative Breast Cancer,Other
NCT06730932,Clear Cell Renal Cell Carcinoma,Other
NCT06667908,Non-Small Cell Lung Cancer,NSCLC
NCT06700395,Multiple Myeloma,Multiple Myeloma
NCT06749886,Thoracic Neoplasm,NSCLC
NCT06171685,Multiple Myeloma,Multiple Myeloma
NCT06171685,Multiple Myeloma,Multiple Myeloma
NCT06682611,Solid Tumors,Solid Tumors (NOS)
NCT06647563,Head and Neck Squamous Cell Carcinoma,Head & Neck Cancer
NCT06673693,Head and Neck Squamous Cell Carcinoma,Head & Neck Cancer
NCT06673693,Head and Neck Squamous Cell Carcinoma,Head & Neck Cancer
NCT06217536,Soft Tissue Sarcoma,Other
NCT06613152,Solid Tumors,Solid Tumors (NOS)
NCT06490536,Colon Carcinoma,Other
NCT06490536,Colon Carcinoma,Other
NCT06253637,T-cell acute lymphoblastic leukemia,Other
NCT06578286,Breast Cancer,Breast Cancer
NCT06519370,Triple-Negative Breast Cancer,Other
NCT06261814,Liver Cancer,Other
NCT06416410,Lung Non-Squamous Non-Small Cell Carcinoma,Other
NCT06416410,Lung Non-Squamous Non-Small Cell Carcinoma,Other
NCT06549595,Follicular Lymphoma,Lymphoma
NCT06509568,Esophageal Cancer,Other
NCT06080165,PTEN Gene Mutation,Other
NCT06080165,PTEN Hamartoma Tumor Syndrome,Other
NCT06080165,PTEN Hamartoma Syndrome,Other
NCT06525948,Aplastic Anemia,Other
NCT06525948,Transfusion-dependent Anemia,Other
NCT06444412,WHO Grade 3 Glioma,Other
NCT06444412,WHO Grade 4 Glioma,Other
NCT06562920,Small Cell Lung Cancer,Other
NCT06260033,Breast Cancer,Breast Cancer
NCT06260033,Hormone Receptor-Positive Breast Cancer,Other
NCT06260033,Breast Cancer,Breast Cancer
NCT05901194,Hepatocellular Carcinoma,Other
NCT06734182,Non-Small Cell Lung Cancer,NSCLC
NCT06422156,Pancreatic Cancer,Pancreatic Cancer
NCT06881537,Epithelial Neoplasm,Ovarian Cancer
NCT06332430,Solid Tumors,Solid Tumors (NOS)
NCT06332430,Hematology,Hematologic Malignancies
NCT06402383,Cervical Cancer,Other
NCT06408194,Leukemia,Leukemia
NCT06408194,Acute Lymphoblastic Leukemia,Leukemia
NCT06428682,Breast Cancer,Breast Cancer
NCT06428682,"Blood Loss, Surgical",Other
NCT06300320,Chronic Graft Versus Host Disease,Other
NCT06255379,Colorectal Cancer,Colorectal Cancer
NCT06255379,Colon Carcinoma,Other
NCT06255379,Rectal Carcinoma,Other
NCT06358638,Sickle Cell Disease,Other
NCT06494514,Pancreatic Cancer,Pancreatic Cancer
NCT06271551,Prostate Cancer,Prostate Cancer
NCT06297226,Multiple Myeloma,Multiple Myeloma
NCT06432296,Malignant Ascites,Other
NCT06099366,Acute Lymphoblastic Leukemia,Leukemia
NCT05679921,Soft Tissue Sarcoma,Other
NCT05735028,Thoracic Neoplasm,NSCLC
NCT06329999,Acute Myeloid Leukemia,AML
NCT06329999,Myelodysplastic Syndrome,Hematologic Malignancies
NCT06329999,Acute Myeloid Leukemia,AML
NCT06208462,Intrahepatic Cholangiocarcinoma,Other
NCT05967182,Bile Duct Cancer,Other
NCT06440811,Gastric Cancer,Gastric Cancer
NCT06440811,Immune-related Adverse Event,Other
NCT06440811,Chemotherapeutic Toxicity,Other
NCT05567770,Prostate Cancer,Prostate Cancer
NCT06077760,Non-Small Cell Lung Cancer,NSCLC
NCT06132438,Glioblastoma,Other
NCT05995041,Acute Myeloid Leukemia,AML
NCT06017323,Pancreatic Cancer,Pancreatic Cancer
NCT06109207,Head and Neck Squamous Cell Carcinoma,Head & Neck Cancer
NCT06081595,Ovarian Cancer,Ovarian Cancer
NCT06109064,Myelodysplastic Syndrome,Hematologic Malignancies
NCT06008119,Colorectal Cancer,Colorectal Cancer
NCT06321887,Inflammatory Bowel Disease,Other
NCT06321887,Iron-Deficiency Anemia,Other
NCT05863195,Colorectal Cancer,Colorectal Cancer
NCT05863195,Liver Cancer,Other
NCT05863195,Colorectal Cancer,Colorectal Cancer
NCT05863195,Colorectal Cancer,Colorectal Cancer
NCT05318469,Breast Cancer,Breast Cancer
NCT05318469,Triple-Negative Breast Cancer,Other
NCT06080893,Anemia,Other
NCT06080893,"Complication,Postoperative",Other
NCT06080893,Hip Fractures,Other
NCT05888844,Skin Squamous Cell Carcinoma,Other
NCT06092957,Nasopharyngeal Cancer,Other
NCT06092957,De-escalation Therapy,Other
NCT06045689,Myelodysplastic Syndrome,Hematologic Malignancies
NCT05786573,Warm Autoimmune Hemolytic Anemia,Other
NCT06057168,Central Nervous System Neoplasm,Other
NCT06057168,Central Nervous System Neoplasm,Other
NCT06015568,Non-Small Cell Lung Cancer,NSCLC
NCT06020833,Myelodysplastic Syndrome,Hematologic Malignancies
NCT06809426,Castration-Resistant Prostate Carcinoma,Other
NCT03529448,Glioblastoma,Other
NCT05907304,Solid Tumors,Solid Tumors (NOS)
NCT05918250,Multiple Myeloma,Multiple Myeloma
NCT05453396,Post-Transplant Lymphoproliferative Disorder,Other
NCT05453396,B-Cell Non-Hodgkin Lymphoma,Other
NCT05453396,Diffuse Large B-Cell Lymphoma,Lymphoma
NCT05453396,Follicular Lymphoma,Lymphoma
NCT05453396,Mantle Cell Lymphoma,Other
NCT05453396,Post-Transplant Lymphoproliferative Disorder,Other
NCT05453396,Mantle Cell Lymphoma,Other
NCT05453396,Post-Transplant Lymphoproliferative Disorder,Other
NCT05453396,B-Cell Non-Hodgkin Lymphoma,Other
NCT05453396,Diffuse Large B-Cell Lymphoma,Lymphoma
NCT05453396,Follicular Lymphoma,Lymphoma
NCT05553041,Glioma,Other
NCT05553041,High-Grade Glioma,Other
NCT05553041,High-Grade Glioma,Other
NCT05553041,Glioma,Other
NCT05553041,Glioma,Other
NCT06041425,Hepatocellular Carcinoma,Other
NCT06041425,Leiomyosarcoma,Other
NCT06041425,Connective and Soft Tissue Neoplasm,Other
NCT06041425,Inflammation,Other
NCT05770531,HER2-Negative Breast Cancer,Other
NCT05770531,Triple-Negative Breast Cancer,Other
NCT06007846,Hepatocellular Carcinoma,Other
NCT06007846,Cirrhosis,Other
NCT05954312,Solid Tumors,Solid Tumors (NOS)
NCT05777278,Non-Small Cell Lung Cancer,NSCLC
NCT05850234,Multiple Myeloma,Multiple Myeloma
NCT05687110,Solid Tumors,Solid Tumors (NOS)
NCT05687110,Solid Tumors,Solid Tumors (NOS)
NCT05961696,Acute Lymphoblastic Leukemia,Leukemia
NCT05751265,Gastric Cancer,Gastric Cancer
NCT05443425,Hematology,Hematologic Malignancies
NCT05443425,Acute Graft Versus Host Disease,Other
NCT05812807,Breast Cancer,Breast Cancer
NCT05812807,Breast Cancer,Breast Cancer
NCT05812807,Breast Cancer,Breast Cancer
NCT05812807,Triple-Negative Breast Cancer,Other
NCT05926960,Male Reproductive System Neoplasm,Other
NCT05443464,Acute Graft Versus Host Disease,Other
NCT05894837,Colorectal Cancer,Colorectal Cancer
NCT05894837,Liver Cancer,Other
NCT05400902,Intrahepatic Cholangiocarcinoma,Other
NCT05885464,T Lymphoblastic Lymphoma,Other
NCT05885464,Hematology,Hematologic Malignancies
NCT05885464,Acute Lymphoblastic Leukemia,Leukemia
NCT05976997,"Peripheral T-Cell Lymphoma, Not Otherwise Specified",Other
NCT05716516,Brain Metastasis,Other
NCT05139056,Anaplastic Astrocytoma,Other
NCT05139056,WHO Grade 3 Glioma,Other
NCT05139056,Anaplastic Oligodendroglioma,Other
NCT05139056,Glioblastoma,Other
NCT05139056,Gliosarcoma,Other
NCT05139056,High-Grade Glioma,Other
NCT05139056,WHO Grade 2 Glioma,Other
NCT05139056,WHO Grade 3 Glioma,Other
NCT05848999,Solid Tumors,Solid Tumors (NOS)
NCT05843448,Muscle Invasive Bladder Cancer,Other
NCT05843448,Urothelial Carcinoma,Other
NCT05843448,Urothelial Carcinoma,Other
NCT05843448,Bladder Cancer,Other
NCT05701709,Solid Tumors,Solid Tumors (NOS)
NCT05371054,Hematology,Hematologic Malignancies
NCT05371054,Non-Hodgkin Lymphoma,Lymphoma
NCT05371054,Non-Hodgkin Lymphoma,Lymphoma
NCT05371054,Hematology,Hematologic Malignancies
NCT05371054,Leukemia,Leukemia
NCT05754801,Cancer,Other
NCT05754801,Palliative Care,Other
NCT05744921,Paroxysmal Nocturnal Hemoglobinuria,Other
NCT05661591,Malignant Tumor,Other
NCT05715398,Non-Small Cell Lung Cancer,NSCLC
NCT05675813,T-Cell Non-Hodgkin Lymphoma,Other
NCT05716113,Neoplasms,Other
NCT05716113,Hematology,Hematologic Malignancies
NCT05716113,Hematology,Hematologic Malignancies
NCT05716113,Hematology,Hematologic Malignancies
NCT05784870,Hematology,Hematologic Malignancies
NCT05784870,Cancer-Related Anemia,Other
NCT05722795,Breast Cancer,Breast Cancer
NCT05722795,Triple-Negative Breast Cancer,Other
NCT05870995,Leukemia,Leukemia
NCT05679258,Multiple Myeloma,Multiple Myeloma
NCT05603559,Castration-Resistant Prostate Carcinoma,Other
NCT05608785,Gastric Cancer,Gastric Cancer
NCT05608785,Gastroesophageal Junction Cancer,Gastric Cancer
NCT05668767,Extensive Stage Lung Small Cell Carcinoma,Other
NCT05669807,Second Line Treatment of Gastric Cancer,Other
NCT05990998,Tumor Positron-Emission Tomography,Other
NCT06350838,Muscle Invasive Bladder Cancer,Other
NCT05198843,Breast Cancer,Breast Cancer
NCT05198843,Triple-Negative Breast Cancer,Other
NCT05208762,Non-Small Cell Lung Cancer,NSCLC
NCT05208762,Head and Neck Squamous Cell Carcinoma,Head & Neck Cancer
NCT05208762,Esophageal Cancer,Other
NCT05208762,Female Reproductive System Neoplasm,Other
NCT05208762,Male Reproductive System Neoplasm,Other
NCT05208762,Triple-Negative Breast Cancer,Other
NCT05208762,Gastric Cancer,Gastric Cancer
NCT05425862,Castration-Resistant Prostate Carcinoma,Other
NCT04892277,B-Cell Non-Hodgkin Lymphoma,Other
NCT04892277,Chronic Lymphocytic Leukemia,Other
NCT04892277,Small Lymphocytic Lymphoma,Other
NCT04892277,Chronic Lymphocytic Leukemia,Other
NCT04892277,B-Cell Non-Hodgkin Lymphoma,Other
NCT04892277,Chronic Lymphocytic Leukemia,Other
NCT04892277,Small Lymphocytic Lymphoma,Other
NCT04892277,Chronic Lymphocytic Leukemia,Other
NCT05521412,Prostate Cancer,Prostate Cancer
NCT05521412,Castration-Resistant Prostate Carcinoma,Other
NCT05489731,Non-Small Cell Lung Cancer,NSCLC
NCT05480449,Acute Lymphoblastic Leukemia,Leukemia
NCT05480449,B-Cell Non-Hodgkin Lymphoma,Other
NCT05285358,Extrahepatic Cholangiocarcinoma,Other
NCT05285358,Gallbladder Carcinoma,Other
NCT05285358,Intrahepatic Cholangiocarcinoma,Other
NCT05285358,Peritoneal and Retroperitoneal Neoplasm,Other
NCT05285358,Extrahepatic Bile Duct Carcinoma,Other
NCT05285358,Liver Cancer,Other
NCT05285358,Intrahepatic Cholangiocarcinoma,Other
NCT05285358,Gallbladder Carcinoma,Other
NCT05322135,Head and Neck Squamous Cell Carcinoma,Head & Neck Cancer
NCT05322135,Head and Neck Neoplasm,Head & Neck Cancer
NCT05496231,Intraepithelial Neoplasia,Other
NCT05779514,Solid Tumors,Solid Tumors (NOS)
NCT05111574,Acral Melanoma,Other
NCT05111574,Urinary System Neoplasm,Other
NCT05111574,Female Reproductive System Neoplasm,Other
NCT05111574,Digestive System Neoplasm,Pancreatic Cancer
NCT05111574,Digestive System Neoplasm,Pancreatic Cancer
NCT05111574,Head and Neck Neoplasm,Head & Neck Cancer
NCT05111574,Head and Neck Neoplasm,Head & Neck Cancer
NCT05111574,Urinary System Neoplasm,Other
NCT05111574,Head and Neck Neoplasm,Head & Neck Cancer
NCT05111574,Head and Neck Neoplasm,Head & Neck Cancer
NCT05111574,Male Reproductive System Neoplasm,Other
NCT05111574,Digestive System Neoplasm,Pancreatic Cancer
NCT05111574,Recurrent Mucosal Melanoma,Other
NCT05111574,Head and Neck Neoplasm,Head & Neck Cancer
NCT05111574,Vulvar Carcinoma,Other
NCT05111574,Vulvar Carcinoma,Other
NCT05111574,Vulvar Carcinoma,Other
NCT05111574,Urinary System Neoplasm,Other
NCT05111574,Female Reproductive System Neoplasm,Other
NCT05111574,Vulvar Melanoma,Other
NCT05491512,Female Reproductive System Neoplasm,Other
NCT05491512,Head and Neck Neoplasm,Head & Neck Cancer
NCT05491512,Oropharyngeal Cancer,Other
NCT05491512,Oropharyngeal Cancer,Other
NCT05491512,Human Papilloma Virus,Other
NCT06469138,Non-Small Cell Lung Cancer,NSCLC
NCT06469138,Metastatic Melanoma,Other
NCT06469138,Acute Myeloid Leukemia,AML
NCT06469138,Myelodysplastic Syndrome,Hematologic Malignancies
NCT06469138,Pancreatic Cancer,Pancreatic Cancer
NCT06469138,Glioblastoma,Other
NCT06469138,Pleural Malignant Mesothelioma,Other
NCT06469138,COVID-19,Other
NCT05463601,Brain Metastasis,Other
NCT05406466,Male Reproductive System Neoplasm,Other
NCT05465343,Furmonertinib,Other
NCT05465343,Lung Adenocarcinoma,Other
NCT05465343,Non-Small Cell Lung Cancer,NSCLC
NCT05465343,Brain Metastasis,Other
NCT05480865,Epithelial Neoplasm,Ovarian Cancer
NCT05480865,Solid Tumors,Solid Tumors (NOS)
NCT05480865,Metastatic NSCLC,Other
NCT05480865,Non-Small Cell Lung Cancer,NSCLC
NCT04978727,Medulloblastoma,Other
NCT04978727,Glioblastoma,Other
NCT04978727,Anaplastic Astrocytoma,Other
NCT04978727,Anaplastic Astrocytoma,Other
NCT04978727,Anaplastic Oligodendroglioma,Other
NCT04978727,WHO Grade 3 Glioma,Other
NCT04978727,Ependymoma,Other
NCT04978727,Diffuse Intrinsic Pontine Glioma,Other
NCT05186545,Breast Cancer,Breast Cancer
NCT05186545,Breast Cancer,Breast Cancer
NCT05381038,Solid Tumors,Solid Tumors (NOS)
NCT05381038,Digestive System Neoplasm,Pancreatic Cancer
NCT05381038,Breast Cancer,Breast Cancer
NCT05429398,Solid Tumors,Solid Tumors (NOS)
NCT05362409,High-Grade Glioma,Other
NCT04655391,Acute Myeloid Leukemia,AML
NCT05600309,Colorectal Cancer,Colorectal Cancer
NCT05085054,Non-Small Cell Lung Cancer,NSCLC
NCT05389293,Follicular Lymphoma,Lymphoma
NCT05389293,Hematology,Hematologic Malignancies
NCT05393804,Multiple Myeloma,Multiple Myeloma
NCT05479812,Solid Tumors,Solid Tumors (NOS)
NCT05479812,Solid Tumors,Solid Tumors (NOS)
NCT05055063,Multiple Myeloma,Multiple Myeloma
NCT05263999,Graft Versus Host Disease,Other
NCT05263999,Graft Versus Host Disease,Other
NCT05263999,Acute Graft Versus Host Disease,Other
NCT05263999,Acute Graft Versus Host Disease,Other
NCT05263999,aGVHD,Other
NCT05135715,Skin Melanoma,Other
NCT05135715,HER2-Positive Breast Cancer,Other
NCT05135715,Skin Melanoma,Other
NCT05198934,Colorectal Cancer,Colorectal Cancer
NCT05397184,T-cell acute lymphoblastic leukemia,Other
NCT05327582,Pancreatic Cancer,Pancreatic Cancer
NCT05327582,Biliary Tract Cancer,Other
NCT05317325,Esophageal Cancer,Other
NCT04826016,Breast Cancer,Breast Cancer
NCT05315700,Solid Tumors,Solid Tumors (NOS)
NCT05024305,Solid Tumors,Solid Tumors (NOS)
NCT05081193,Prostate Cancer,Prostate Cancer
NCT05081193,Castration-Resistant Prostate Carcinoma,Other
NCT05081193,Castration-Resistant Prostate Carcinoma,Other
NCT05231850,Colon Carcinoma,Other
NCT05296772,Digestive System Neoplasm,Pancreatic Cancer
NCT05296772,"Neoplasm, Experimental",Other
NCT05296772,Epithelial Neoplasm,Ovarian Cancer
NCT05296772,Hematology,Hematologic Malignancies
NCT05302921,Osteosarcoma,Other
NCT05302921,Ewing Sarcoma,Other
NCT05302921,Rhabdomyosarcoma,Other
NCT05302921,Relapsed Pediatric Solid Tumor,Other
NCT05302921,Solid Tumors,Solid Tumors (NOS)
NCT05302921,Male Reproductive System Neoplasm,Other
NCT05302921,Liver Cancer,Other
NCT05302921,Hepatocellular Carcinoma,Other
NCT05302921,Kidney Wilms Tumor,Other
NCT05302921,Kidney Wilms Tumor,Other
NCT05636566,Epithelial Neoplasm,Ovarian Cancer
NCT05636566,Follicular Lymphoma,Lymphoma
NCT05204628,Non-Small Cell Lung Cancer,NSCLC
NCT04119830,Colorectal Cancer,Colorectal Cancer
NCT04119830,Colon Carcinoma,Other
NCT04119830,Mismatch Repair Proficient,Other
NCT04119830,Colorectal Cancer,Colorectal Cancer
NCT04119830,Colorectal Cancer,Colorectal Cancer
NCT04119830,Colorectal Cancer,Colorectal Cancer
NCT04119830,Colorectal Cancer,Colorectal Cancer
NCT04119830,Colorectal Cancer,Colorectal Cancer
NCT04119830,Colorectal Cancer,Colorectal Cancer
NCT04119830,Colorectal Cancer,Colorectal Cancer
NCT04119830,Colorectal Cancer,Colorectal Cancer
NCT04119830,Colorectal Cancer,Colorectal Cancer
NCT04119830,Colorectal Cancer,Colorectal Cancer
NCT04591028,Gastric Cancer,Gastric Cancer
NCT05239182,Pancreatic Cancer,Pancreatic Cancer
NCT04965077,Solid Tumors,Solid Tumors (NOS)
NCT05305859,Acute Myeloid Leukemia,AML
NCT05305859,Acute Myeloid Leukemia,AML
NCT05305859,Leukemia,Leukemia
NCT05111366,Hepatocellular Carcinoma,Other
NCT05111366,Adjuvant Therapy,Other
NCT04956276,Warm Autoimmune Hemolytic Anemia,Other
NCT05796089,Extensive Stage Lung Small Cell Carcinoma,Other
NCT05183958,Esophageal Cancer,Other
NCT05067283,Solid Tumors,Solid Tumors (NOS)
NCT05078671,Cancer,Other
NCT05170334,Uveal Melanoma,Other
NCT04372927,Non-Small Cell Lung Cancer,NSCLC
NCT04372927,Thoracic Neoplasm,NSCLC
NCT04372927,Thoracic Neoplasm,NSCLC
NCT04372927,Thoracic Neoplasm,NSCLC
NCT04372927,Thoracic Neoplasm,NSCLC
NCT05155189,Hepatocellular Carcinoma,Other
NCT04837196,Solid Tumors,Solid Tumors (NOS)
NCT04837196,Digestive System Neoplasm,Pancreatic Cancer
NCT05114720,Breast Cancer,Breast Cancer
NCT05001347,Ovarian Cancer,Ovarian Cancer
NCT05001347,Ovarian Cancer,Ovarian Cancer
NCT05001347,Head and Neck Neoplasm,Head & Neck Cancer
NCT05001347,Non-Small Cell Lung Cancer,NSCLC
NCT05001347,Digestive System Neoplasm,Pancreatic Cancer
NCT05001347,Triple-Negative Breast Cancer,Other
NCT04999540,Breast Cancer,Breast Cancer
NCT05627778,Prostate Cancer,Prostate Cancer
NCT04337177,Solid Tumors,Solid Tumors (NOS)
NCT04337177,Kidney Wilms Tumor,Other
NCT04337177,Rhabdomyosarcoma,Other
NCT04337177,Ewing Sarcoma,Other
NCT04337177,Liver Cancer,Other
NCT04337177,Medulloblastoma,Other
NCT04891809,Multiple Myeloma,Multiple Myeloma
NCT05061537,Renal Cell Carcinoma,Other
NCT05061537,Male Reproductive System Neoplasm,Other
NCT05061537,Non-Small Cell Lung Cancer,NSCLC
NCT05061537,Hepatocellular Carcinoma,Other
NCT05061537,Bladder Cancer,Other
NCT05061537,Sarcoma,Other
NCT05061537,Head and Neck Neoplasm,Head & Neck Cancer
NCT05061537,Colorectal Cancer,Colorectal Cancer
NCT05061537,Ovarian Cancer,Ovarian Cancer
NCT05061537,Epithelial Neoplasm,Ovarian Cancer
NCT05083481,Solid Tumors,Solid Tumors (NOS)
NCT05008224,Classic Hodgkin Lymphoma,Other
NCT04933903,Non-Small Cell Lung Cancer,NSCLC
NCT04982900,Multiple Primary Lung Cancers,Other
NCT04278651,Pregnancy Related,Other
NCT04278651,"Anemia, Iron Deficiency",Other
NCT04278651,Anemia of Pregnancy,Other
NCT04985851,Extensive Stage Lung Small Cell Carcinoma,Other
NCT04003896,Biliary Tract Cancer,Other
NCT05017012,Solid Tumors,Solid Tumors (NOS)
NCT05039931,Breast Cancer,Breast Cancer
NCT05039931,Solid Tumors,Solid Tumors (NOS)
NCT05002270,Solid Tumors,Solid Tumors (NOS)
NCT05002270,Non-Small Cell Lung Cancer,NSCLC
NCT05002270,Colorectal Cancer,Colorectal Cancer
NCT05103891,Male Reproductive System Neoplasm,Other
NCT05103891,BRAF V600 Mutation,Other
NCT05103891,Uveal Melanoma,Other
NCT05103891,Metastatic Melanoma,Other
NCT05078138,Exercise-Induced Anemia,Other
NCT05078138,Physical Performance,Other
NCT04826107,Gastric Cancer,Gastric Cancer
NCT04955886,Nasopharyngeal Cancer,Other
NCT04807166,Female Reproductive System Neoplasm,Other
NCT04807166,Female Reproductive System Neoplasm,Other
NCT04807166,Hematology,Hematologic Malignancies
NCT04807166,Female Reproductive System Neoplasm,Other
NCT04807166,Female Reproductive System Neoplasm,Other
NCT04807166,Neoplasms by Histologic Type,Other
NCT04807166,Female Reproductive System Neoplasm,Other
NCT04807166,Female Reproductive System Neoplasm,Other
NCT04807166,Female Reproductive System Neoplasm,Other
NCT04807166,Endocrine Neoplasm,Other
NCT04807166,Epithelial Neoplasm,Ovarian Cancer
NCT04807166,Anlotinib,Other
NCT04807166,Angiogenesis,Other
NCT04807166,Antineoplastic Agents,Other
NCT04807166,Tyrosine Kinase Inhibitor,Other
NCT04877613,Thyroid Cancer,Other
NCT05075122,Head and Neck Squamous Cell Carcinoma,Head & Neck Cancer
NCT04517227,Hepatocellular Carcinoma,Other
NCT04924101,Small Cell Lung Cancer,Other
NCT04898634,Male Reproductive System Neoplasm,Other
NCT04906395,Breast Cancer,Breast Cancer
NCT04937972,Non-Small Cell Lung Cancer,NSCLC
NCT04946890,Acute Myeloid Leukemia,AML
NCT04961788,Intrahepatic Cholangiocarcinoma,Other
NCT04846920,Non-Clear Cell Renal Cell Carcinoma,Other
NCT04808570,Hematology,Hematologic Malignancies
NCT04717531,Breast Cancer,Breast Cancer
NCT04878692,Non-Small Cell Lung Cancer,NSCLC
NCT04878692,Digestive System Neoplasm,Pancreatic Cancer
NCT04878692,Head and Neck Neoplasm,Head & Neck Cancer
NCT04938297,Central Nervous System Lymphoma,Other
NCT04902885,Extensive Stage Lung Small Cell Carcinoma,Other
NCT06669013,Rhabdomyosarcoma,Other
NCT06669013,Bone Sarcoma,Other
NCT06669013,Rhabdomyosarcoma,Other
NCT04690595,Acute Lymphoblastic Leukemia,Leukemia
NCT05893654,Uveal Melanoma,Other
NCT04912765,Hepatocellular Carcinoma,Other
NCT04912765,Hepatocellular Carcinoma,Other
NCT04912765,Colorectal Cancer,Colorectal Cancer
NCT04912765,Colorectal Cancer,Colorectal Cancer
NCT04912765,Liver Cancer,Other
NCT04511078,Head and Neck Neoplasm,Head & Neck Cancer
NCT04868747,Gastric Cancer,Gastric Cancer
NCT04954001,Neurofibromatosis,Other
NCT04954001,Neurofibroma,Other
NCT04954001,Malignant Peripheral Nerve Sheath Tumor,Other
NCT04649476,Lip and Oral Cavity Cancer,Other
NCT04965155,Multiple Myeloma,Multiple Myeloma
NCT04731467,Solid Tumors,Solid Tumors (NOS)
NCT04731467,Non-Small Cell Lung Cancer,NSCLC
NCT04731467,Pancreatic Cancer,Pancreatic Cancer
NCT04731467,Ovarian Cancer,Ovarian Cancer
NCT04731467,Thyroid Gland Papillary Carcinoma,Other
NCT04731467,Male Reproductive System Neoplasm,Other
NCT04731467,Colorectal Cancer,Colorectal Cancer
NCT04749394,Non-Small Cell Lung Cancer,NSCLC
NCT04508309,Cervical Cancer,Other
NCT04923529,Pancreatic Cancer,Pancreatic Cancer
NCT04721015,Solid Tumors,Solid Tumors (NOS)
NCT04721015,Non-Small Cell Lung Cancer,NSCLC
NCT05143112,B-Cell Non-Hodgkin Lymphoma,Other
NCT04709731,Chronic Leukemia,Other
NCT04688983,Acute Lymphoblastic Leukemia,Leukemia
NCT04471974,Castration-Resistant Prostate Carcinoma,Other
NCT04471974,Prostate Cancer,Prostate Cancer
NCT04471974,Prostate Neuroendocrine Carcinoma,Other
NCT04471974,Prostate Cancer,Prostate Cancer
NCT04471974,Prostate Cancer,Prostate Cancer
NCT04471974,Prostate Cancer,Prostate Cancer
NCT04640246,Cancer,Other
NCT04640246,Solid Tumors,Solid Tumors (NOS)
NCT04640246,Testicular Germ Cell Cancer,Other
NCT04942730,Acute Lymphoblastic Leukemia,Leukemia
NCT04942730,Acute Myeloid Leukemia,AML
NCT04942730,Acute Leukemia,Other
NCT04942730,T Lymphoblastic Lymphoma,Other
NCT04942730,Myelodysplastic Syndrome,Hematologic Malignancies
NCT04942730,Myeloproliferative Neoplasm,Hematologic Malignancies
NCT04943757,Acute Myeloid Leukemia,AML
NCT04943757,Chronic Myeloid Leukemia,Other
NCT04943757,Myelodysplastic Syndrome,Hematologic Malignancies
NCT04943757,Myeloproliferative Neoplasm,Hematologic Malignancies
NCT04890392,Gastric Cancer,Gastric Cancer
NCT04890392,Gastroesophageal Junction Cancer,Gastric Cancer
NCT05906615,Pancreatic Cancer,Pancreatic Cancer
NCT05906615,Chronic Pancreatitis,Other
NCT04634071,Smoking Cessation,Other
NCT04634071,Leukemia,Leukemia
NCT04605185,Hepatocellular Carcinoma,Other
NCT05549778,Castration-Resistant Prostate Carcinoma,Other
NCT04622566,Head and Neck Neoplasm,Head & Neck Cancer
NCT04622566,Neoadjuvant Treatment,Other
NCT04686383,Solid Tumors,Solid Tumors (NOS)
NCT04493060,Pancreatic Cancer,Pancreatic Cancer
NCT04493060,Pancreatic Cancer,Pancreatic Cancer
NCT04683354,Epithelial Neoplasm,Ovarian Cancer
NCT04650451,HER-2 Gene Amplification,Other
NCT04650451,HER2-positive Gastric Cancer,Other
NCT04650451,HER2-Positive Breast Cancer,Other
NCT04650451,HER-2 Protein Overexpression,Other
NCT04650451,Epithelial Neoplasm,Ovarian Cancer
NCT05304754,High-risk Leukemias,Other
NCT04532281,Acute Lymphoblastic Leukemia,Leukemia
NCT04532281,Non-Hodgkin Lymphoma,Lymphoma
NCT04602689,Gastric Cancer,Gastric Cancer
NCT04602689,Digestive System Neoplasm,Pancreatic Cancer
NCT04501094,Urothelial Carcinoma,Other
NCT04225676,Acute Lymphoblastic Leukemia,Leukemia
NCT04614636,Acute Myeloid Leukemia,AML
NCT04614636,Acute Myeloid Leukemia,AML
NCT04614636,Multiple Myeloma,Multiple Myeloma
NCT04614636,Multiple Myeloma,Multiple Myeloma
NCT04604132,Gastric Cancer,Gastric Cancer
NCT04592653,Solid Tumors,Solid Tumors (NOS)
NCT04584008,Biliary Tract Cancer,Other
NCT04584008,Gastric Cancer,Gastric Cancer
NCT04584008,Esophageal Cancer,Other
NCT04584008,Colorectal Cancer,Colorectal Cancer
NCT04584008,Gastrointestinal Stromal Tumor,Other
NCT04584008,Pancreatic Cancer,Pancreatic Cancer
NCT04584008,Neuroendocrine Tumors,Other
NCT04584008,Carcinoma of Unknown Primary,Other
NCT04584008,Digestive System Neoplasm,Pancreatic Cancer
NCT04552769,Thyroid Cancer,Other
NCT04552769,Thyroid Gland Anaplastic Carcinoma,Other
NCT04552769,Thyroid Gland Anaplastic Carcinoma,Other
NCT04566380,Pan-tumor,Other
NCT04459663,Non-Small Cell Lung Cancer,NSCLC
NCT04512417,Esophageal Cancer,Other
NCT04398108,HER2-Positive Breast Cancer,Other
NCT04189107,Analgesia,Other
NCT04189107,Surgery,Other
NCT04189107,Head and Neck Neoplasm,Head & Neck Cancer
NCT04189107,Oropharyngeal Cancer,Other
NCT04189107,Carcinoma of Unknown Primary,Other
NCT04189107,"Pain, Postoperative",Other
NCT04189107,Postoperative Pain,Other
NCT04344158,Hepatocellular Carcinoma,Other
NCT04435197,Esophageal Cancer,Other
NCT05513612,Acute Myeloid Leukemia,AML
NCT05513612,B-Cell Non-Hodgkin Lymphoma,Other
NCT05513612,Multiple Myeloma,Multiple Myeloma
NCT05513612,Adult T-Cell Leukemia/Lymphoma,Other
NCT05513612,Acute Lymphoblastic Leukemia,Leukemia
NCT04493125,Gastric Cancer,Gastric Cancer
NCT04379739,Non-Small Cell Lung Cancer,NSCLC
NCT04469075,Glioblastoma,Other
NCT04469075,Glioblastoma,Other
NCT04469075,Skin Toxicity,Other
NCT04433221,Sarcoma,Other
NCT04433221,Osteoid Sarcoma,Other
NCT04433221,Ewing Sarcoma,Other
NCT06540937,Neuroendocrine Tumors,Other
NCT04329949,Pancreatic Cancer,Pancreatic Cancer
NCT04427774,Solid Tumors,Solid Tumors (NOS)
NCT04992988,Nasopharyngeal Cancer,Other
NCT04992988,Toripalimab,Other
NCT04992988,Nasopharyngeal Cancer,Other
NCT04314089,Non-Small Cell Lung Cancer,NSCLC
NCT04400383,Solid Tumors,Solid Tumors (NOS)
NCT04400383,Gastric Cancer,Gastric Cancer
NCT04400383,Pancreatic Cancer,Pancreatic Cancer
NCT04429438,B-Cell Non-Hodgkin Lymphoma,Other
NCT04383977,Ovarian Cancer,Ovarian Cancer
NCT04334174,T-Cell Non-Hodgkin Lymphoma,Other
NCT04275713,Cervical Cancer,Other
NCT04426669,Epithelial Neoplasm,Ovarian Cancer
NCT04426669,Digestive System Neoplasm,Pancreatic Cancer
NCT04426669,Digestive System Neoplasm,Pancreatic Cancer
NCT04426669,Digestive System Neoplasm,Pancreatic Cancer
NCT04426669,Digestive System Neoplasm,Pancreatic Cancer
NCT04426669,Colorectal Cancer,Colorectal Cancer
NCT04426669,Pancreatic Cancer,Pancreatic Cancer
NCT04426669,Gallbladder Carcinoma,Other
NCT04426669,Colon Carcinoma,Other
NCT04426669,Esophageal Cancer,Other
NCT04426669,Gastric Cancer,Gastric Cancer
NCT04272957,Acute Myeloid Leukemia,AML
NCT04186845,Prostate Cancer,Prostate Cancer
NCT04353102,Solid Tumors,Solid Tumors (NOS)
NCT04279561,Castration-Resistant Prostate Carcinoma,Other
NCT04279561,Prostate Cancer,Prostate Cancer
NCT04279561,Prostate Cancer,Prostate Cancer
NCT04279561,Prostate Cancer,Prostate Cancer
NCT04279561,Prostate Cancer,Prostate Cancer
NCT04134884,Brain Metastasis,Other
NCT04134884,Triple-Negative Breast Cancer,Other
NCT04134884,Hormone Receptor-Positive Breast Cancer,Other
NCT04102020,Acute Myeloid Leukemia,AML
NCT03996473,Non-Small Cell Lung Cancer,NSCLC
NCT04319263,Bladder Cancer,Other
NCT05999994,Neoplasms,Other
NCT05999994,Child,Other
NCT05999994,Rhabdomyosarcoma,Other
NCT04192253,"Locally Advanced, Squamous Cell Carcinoma of the Vulva",Other
NCT04187456,Solid Tumors,Solid Tumors (NOS)
NCT04132050,Idiopathic Thrombocytopenic Purpura,Other
NCT04193904,Pancreatic Cancer,Pancreatic Cancer
NCT04187352,Esophageal Cancer,Other
NCT04200417,Thoracic Neoplasm,NSCLC
NCT04200417,Rare Neoplasm,Other
NCT04200417,Thoracic Neoplasm,NSCLC
NCT04200417,Thoracic Neoplasm,NSCLC
NCT03935893,Gastric Cancer,Gastric Cancer
NCT03935893,Colorectal Cancer,Colorectal Cancer
NCT03935893,Pancreatic Cancer,Pancreatic Cancer
NCT03935893,Sarcoma,Other
NCT03935893,Mesothelioma,Other
NCT03935893,Neuroendocrine Tumors,Other
NCT03935893,Epithelial Neoplasm,Ovarian Cancer
NCT03935893,Merkel Cell Carcinoma,Other
NCT03935893,Mismatch Repair Deficiency,Other
NCT03935893,Microsatellite Instability,Other
NCT04133337,Lung Diseases,Other
NCT04133337,Neoplasms,Other
NCT04133337,Respiratory Tract Diseases,Other
NCT04133337,Thoracic Neoplasm,NSCLC
NCT04133337,Non-Small Cell Lung Cancer,NSCLC
NCT03984448,Double-Hit Lymphoma,Other
NCT03984448,Transformed Indolent B-Cell Non-Hodgkin Lymphoma to Diffuse Large B-Cell Lymphoma,Other
NCT03984448,Diffuse Large B-Cell Lymphoma,Lymphoma
NCT03984448,Diffuse Large B-Cell Lymphoma,Lymphoma
NCT03984448,Diffuse Large B-Cell Lymphoma,Lymphoma
NCT03984448,Diffuse Large B-Cell Lymphoma,Lymphoma
NCT03984448,Double-Hit Lymphoma,Other
NCT03984448,High Grade B-Cell Lymphoma,Other
NCT04865289,Female Reproductive System Neoplasm,Other
NCT04074187,Thrombotic Thrombocytopenic Purpura,Other
NCT03994796,CDK Gene Mutation,Other
NCT03994796,Brain Metastasis,Other
NCT03994796,Solid Tumors,Solid Tumors (NOS)
NCT03994796,Connective and Soft Tissue Neoplasm,Other
NCT03994796,PI3K Gene Mutation,Other
NCT03994796,ROS1 Gene Mutation,Other
NCT03994796,KRAS G12C Mutation,Other
NCT03857841,Bronchopulmonary Dysplasia,Other
NCT03792763,Multiple Myeloma,Multiple Myeloma
NCT04277221,Glioblastoma,Other
NCT04050462,Hepatocellular Carcinoma,Other
NCT04021368,Acute Myeloid Leukemia,AML
NCT04021368,Myelodysplastic Syndrome,Hematologic Malignancies
NCT04139772,Castration-Resistant Prostate Carcinoma,Other
NCT04043494,Non-Hodgkin Lymphoma,Lymphoma
NCT04439890,Lung Non-Squamous Non-Small Cell Carcinoma,Other
NCT05585645,Anemia,Other
NCT05585645,Chronic Kidney Disease Requiring Chronic Dialysis,Other
NCT03892018,Epithelial Neoplasm,Ovarian Cancer
NCT03984097,Multiple Myeloma,Multiple Myeloma
NCT03977194,Epithelial Neoplasm,Ovarian Cancer
NCT03492671,Pancreatic Cancer,Pancreatic Cancer
NCT03492671,Pancreatic Cancer,Pancreatic Cancer
NCT04025593,Diffuse Large B-Cell Lymphoma,Lymphoma
NCT03933735,Multiple Myeloma,Multiple Myeloma
NCT04121507,Non-Hodgkin Lymphoma,Lymphoma
NCT04121507,High Grade B-Cell Lymphoma,Other
NCT04121507,Intestinal T-Cell Lymphoma,Other
NCT03983759,Small Cell Lung Cancer,Other
NCT03983759,Extensive Stage Lung Small Cell Carcinoma,Other
NCT03983759,Adoptive Cellular Immunotherapy,Other
NCT03983759,Leukemia,Leukemia
NCT03983759,Maintenance,Other
NCT04045847,Glioblastoma,Other
NCT04045847,CD147 Positive,Other
NCT03795597,Multiple Myeloma,Multiple Myeloma
NCT03930953,Non-Hodgkin Lymphoma,Lymphoma
NCT03910387,Pancreatic Cancer,Pancreatic Cancer
NCT03910387,Pancreatic Cancer,Pancreatic Cancer
NCT03910387,Pancreatic Cancer,Pancreatic Cancer
NCT03910387,Pancreatic Cancer,Pancreatic Cancer
NCT03910387,Pancreatic Cancer,Pancreatic Cancer
NCT04356430,Prostate Cancer,Prostate Cancer
NCT03924986,Nasopharyngeal Cancer,Other
NCT03818061,Head and Neck Neoplasm,Head & Neck Cancer
NCT03802058,Non-Small Cell Lung Cancer,NSCLC
NCT03802058,Epithelial Neoplasm,Ovarian Cancer
NCT03764137,Colon Carcinoma,Other
NCT03825744,Severe Aplastic Anemia,Other
NCT03754933,Head and Neck Neoplasm,Head & Neck Cancer
NCT03967938,Advanced Cancers Harbouring Mutations in HRG,Other
NCT03671811,Intraepithelial Neoplasia,Other
NCT03671811,Endometrial Cancer,Other
NCT03486197,Urothelial Carcinoma,Other
NCT03724968,Metastatic Melanoma,Other
NCT03724968,Skin Melanoma,Other
NCT03724968,Acral Lentiginous Melanoma,Other
NCT03851237,Pancreatic Cancer,Pancreatic Cancer
NCT05728632,Breast Cancer,Breast Cancer
NCT05728632,Diffuse Large B-Cell Lymphoma,Lymphoma
NCT05728632,Cardiotoxicity,Other
NCT05728632,Left Ventricular Dysfunction,Other
NCT05728632,Leukemia,Leukemia
NCT03616886,Triple-Negative Breast Cancer,Other
NCT03819465,Epithelial Neoplasm,Ovarian Cancer
NCT03755141,HER2-Positive Breast Cancer,Other
NCT03755141,Brain Metastasis,Other
NCT03298945,Colorectal Cancer,Colorectal Cancer
NCT03596281,Ovarian Cancer,Ovarian Cancer
NCT03579446,Hematology,Hematologic Malignancies
NCT03579446,Solid Tumors,Solid Tumors (NOS)
NCT03579446,Solid Tumors,Solid Tumors (NOS)
NCT03663166,Non-Small Cell Lung Cancer,NSCLC
NCT03513484,Acute Myeloid Leukemia,AML
NCT03513484,Acute Myeloid Leukemia,AML
NCT03513484,Fibroblast Growth Factor Basic Form Measurement,Other
NCT03513484,Acute Myeloid Leukemia,AML
NCT03513484,Acute Myeloid Leukemia,AML
NCT03513484,Acute Myeloid Leukemia,AML
NCT03664687,Breast Cancer,Breast Cancer
NCT03706547,Multiple Myeloma,Multiple Myeloma
NCT03706547,Multiple Myeloma,Multiple Myeloma
NCT03426904,Colon Carcinoma,Other
NCT03714490,Digestive System Neoplasm,Pancreatic Cancer
NCT03646461,Head and Neck Neoplasm,Head & Neck Cancer
NCT03646461,Head and Neck Squamous Cell Carcinoma,Head & Neck Cancer
NCT03708328,Solid Tumors,Solid Tumors (NOS)
NCT03708328,Metastatic Melanoma,Other
NCT03708328,Non-Small Cell Lung Cancer,NSCLC
NCT03708328,Small Cell Lung Cancer,Other
NCT03708328,Esophageal Squamous Cell Carcinoma,Other
NCT03689699,Prostate Cancer,Prostate Cancer
NCT03689699,Prostate Cancer,Prostate Cancer
NCT03715517,Hepatectomy,Other
NCT03715517,"Pain, Postoperative",Other
NCT03715517,Liver Cancer,Other
NCT03011671,High-Grade Glioma,Other
NCT03707093,Digestive System Neoplasm,Pancreatic Cancer
NCT03090880,Venous Thromboembolism,Other
NCT03090880,Thoracic Neoplasm,NSCLC
NCT03457142,Multiple Myeloma,Multiple Myeloma
NCT03457142,Multiple Myeloma,Multiple Myeloma
NCT03587038,Glioblastoma,Other
NCT03664895,Breast Cancer,Breast Cancer
NCT03600467,Solid Tumors,Solid Tumors (NOS)
NCT03600467,Androgen Receptor Gene Overexpression,Other
NCT03580928,Chronic Lymphocytic Leukemia,Other
NCT03617003,Urothelial Carcinoma,Other
NCT03265717,Chronic Lymphocytic Leukemia,Other
NCT03600129,Prostate Cancer,Prostate Cancer
NCT03363867,Ovarian Cancer,Ovarian Cancer
NCT03363867,Fallopian Tube Cancer,Other
NCT03363867,Primary Peritoneal Cancer,Other
NCT03574402,Non-Small Cell Lung Cancer,NSCLC
NCT03516591,Myelodysplastic Syndrome,Hematologic Malignancies
NCT03535727,Digestive System Neoplasm,Pancreatic Cancer
NCT03535727,Pancreatic Diseases,Other
NCT03535727,Endocrine Neoplasm,Other
NCT03535727,Lung Adenocarcinoma,Other
NCT03535727,Pancreatic Cancer,Pancreatic Cancer
NCT03535727,Epithelial Neoplasm,Ovarian Cancer
NCT03535727,Neoplasms,Other
NCT03535727,Digestive System Neoplasm,Pancreatic Cancer
NCT03535727,Digestive System Neoplasm,Pancreatic Cancer
NCT03535727,Endocrine Neoplasm,Other
NCT03483675,Chronic Graft Versus Host Disease,Other
NCT03529266,Esophageal Cancer,Other
NCT03529266,Gastroesophageal Junction Cancer,Gastric Cancer
NCT03529266,Anastomotic Leak,Other
NCT03410693,Epithelial Neoplasm,Ovarian Cancer
NCT03533582,Hepatocellular Carcinoma,Other
NCT03533582,Liver Cancer,Other
NCT03533582,Hepatocellular Carcinoma,Other
NCT03533582,Liver Cancer,Other
NCT03533582,Liver Cancer,Other
NCT03473756,Urothelial Carcinoma,Other
NCT03544125,Breast Cancer,Breast Cancer
NCT03544125,Breast Cancer,Breast Cancer
NCT03544125,HER2-Negative Breast Cancer,Other
NCT03544125,Breast Cancer,Breast Cancer
NCT03544125,Breast Cancer,Breast Cancer
NCT03544125,Triple-Negative Breast Cancer,Other
NCT03245554,Digestive System Neoplasm,Pancreatic Cancer
NCT04263298,Brain Metastasis,Other
NCT03341520,Grade 1 Follicular Lymphoma,Other
NCT03341520,Grade 2 Follicular Lymphoma,Other
NCT03341520,Grade 1 Follicular Lymphoma,Other
NCT03341520,Grade 2 Follicular Lymphoma,Other
NCT03464201,Ovarian Cancer,Ovarian Cancer
NCT03239392,T-Cell Large Granular Lymphocyte Leukemia,Other
NCT03239392,Primary Cutaneous T-Cell Non-Hodgkin Lymphoma,Other
NCT03488225,Acute Lymphoblastic Leukemia,Leukemia
NCT03488225,Acute Lymphoblastic Leukemia,Leukemia
NCT03488225,Philadelphia chromosome-negative acute lymphoblastic leukemia,Other
NCT03492931,Sickle Cell Disease,Other
NCT02876640,Breast Cancer,Breast Cancer
NCT02876640,Breast Cancer,Breast Cancer
NCT02876640,Breast Cancer,Breast Cancer
NCT02876640,Breast Cancer,Breast Cancer
NCT02876640,Breast Cancer,Breast Cancer
NCT02876640,Breast Cancer,Breast Cancer
NCT02876640,Breast Ductal Carcinoma In Situ,Other
NCT02876640,Breast Cancer,Breast Cancer
NCT02876640,Breast Cancer,Breast Cancer
NCT03418168,Anemia,Other
NCT03418168,"Renal Insufficiency, Chronic",Other
NCT03402230,Epithelial Neoplasm,Ovarian Cancer
NCT03402230,Epithelial Neoplasm,Ovarian Cancer
NCT03407300,Non-Small Cell Lung Cancer,NSCLC
NCT03395873,Acute Myeloid Leukemia,AML
NCT03390062,Glioma,Other
NCT03164772,Epithelial Neoplasm,Ovarian Cancer
NCT03164772,Non-Small Cell Lung Cancer,NSCLC
NCT03389035,Acute Lymphoblastic Leukemia,Leukemia
NCT03231176,Biliary Tract Cancer,Other
NCT03315364,Breast Cancer,Breast Cancer
NCT03350477,Gastric Cancer,Gastric Cancer
NCT03298893,Cervical Cancer,Other
NCT03298893,Cervical Cancer,Other
NCT03362723,Solid Tumors,Solid Tumors (NOS)
NCT03352947,Male Reproductive System Neoplasm,Other
NCT03427242,Biliary Tract Cancer,Other
NCT02570958,Non-Small Cell Lung Cancer,NSCLC
NCT02570958,Thoracic Surgery,Other
NCT03222609,Primary Myelofibrosis,Other
NCT03106779,Chronic Myeloid Leukemia,Other
NCT02760953,Urinary System Neoplasm,Other
NCT03233347,Hodgkin Lymphoma,Lymphoma
NCT03233347,Hodgkin Lymphoma,Lymphoma
NCT03233347,Hodgkin Lymphoma,Lymphoma
NCT03233347,Hodgkin Lymphoma,Lymphoma
NCT03233347,Hodgkin Lymphoma,Lymphoma
NCT03233347,Hodgkin Lymphoma,Lymphoma
NCT03233347,Classic Hodgkin Lymphoma,Other
NCT03168100,Multiple Myeloma,Multiple Myeloma
NCT03256071,Acute Myeloid Leukemia,AML
NCT03256071,Allogeneic Hematopoietic Stem Cell Transplantation,Other
NCT03256071,Conditioning,Other
NCT03288493,Multiple Myeloma,Multiple Myeloma
NCT03045653,Breast Cancer,Breast Cancer
NCT03280264,Parathyroid Cancer,Other
NCT03280264,Primary Hyperparathyroidism,Other
NCT03194932,Acute Myeloid Leukemia,AML
NCT03950141,HER-2 Negatived Gastric Cancer,Other
NCT03042416,Congenital Hyperinsulinism,Other
NCT03042416,Kidney Wilms Tumor,Other
NCT03042416,Neuroendocrine Tumors,Other
NCT03042416,Parkinson Disease,Other
NCT03042416,Central Nervous System Neoplasm,Other
NCT03229200,High Grade B-Cell Lymphoma,Other
NCT03229200,Non-Hodgkin Lymphoma,Lymphoma
NCT03229200,Hematology,Hematologic Malignancies
NCT03229200,Graft Versus Host Disease,Other
NCT03229200,Solid Tumors,Solid Tumors (NOS)
NCT03085069,Thoracic Neoplasm,NSCLC
NCT03085069,Non-Small Cell Lung Cancer,NSCLC
NCT03085069,Respiratory System Neoplasm,Other
NCT03085069,Thoracic Neoplasm,NSCLC
NCT03085069,Respiratory Tract Disease,Other
NCT03085069,Respiratory System Neoplasm,Other
NCT03085069,Epithelial Neoplasm,Ovarian Cancer
NCT02567422,Carcinoma of Unknown Primary,Other
NCT02567422,Head and Neck Squamous Cell Carcinoma,Head & Neck Cancer
NCT02567422,Hypopharyngeal Cancer,Other
NCT02567422,Laryngeal Cancer,Other
NCT02567422,Lip and Oral Cavity Cancer,Other
NCT02567422,Oropharyngeal Cancer,Other
NCT02567422,Head and Neck Squamous Cell Carcinoma,Head & Neck Cancer
NCT02567422,Hypopharyngeal Cancer,Other
NCT02567422,Laryngeal Cancer,Other
NCT02567422,Lip and Oral Cavity Cancer,Other
NCT02567422,Oropharyngeal Cancer,Other
NCT02567422,Head and Neck Squamous Cell Carcinoma,Head & Neck Cancer
NCT03167853,Neuroendocrine Tumors,Other
NCT06390839,Hematology,Hematologic Malignancies
NCT06390839,Solid Tumors,Solid Tumors (NOS)
NCT06390839,Hematology,Hematologic Malignancies
NCT06390839,Solid Tumors,Solid Tumors (NOS)
NCT03020030,Acute Lymphoblastic Leukemia,Leukemia
NCT03052127,Uveal Melanoma,Other
NCT03052127,Eye Neoplasm,Other
NCT03052127,Uveal Melanoma,Other
NCT02216578,Soft Tissue Sarcoma,Other
NCT02782546,Acute Myeloid Leukemia,AML
NCT02935205,Prostate Cancer,Prostate Cancer
NCT02935205,Prostate Cancer,Prostate Cancer
NCT02935205,Prostate Cancer,Prostate Cancer
NCT03141463,Intraepithelial Neoplasia,Other
NCT03141463,Cervical Cancer,Other
NCT03096184,Head and Neck Squamous Cell Carcinoma,Head & Neck Cancer
NCT02881554,Hepatocellular Carcinoma,Other
NCT02881554,Liver Cancer,Other
NCT02881554,Liver Cancer,Other
NCT02881554,Vascular Thrombosis,Other
NCT02881554,Intrahepatic Cholangiocarcinoma,Other
NCT02881554,Liver Cancer,Other
NCT02970539,Gastric Cancer,Gastric Cancer
NCT02970539,Esophageal Cancer,Other
NCT02970539,Gastro-esophageal Cancer,Other
NCT02962063,Esophageal Cancer,Other
NCT02962063,Gastroesophageal Junction Cancer,Gastric Cancer
NCT03027739,Acute Lymphoblastic Leukemia,Leukemia
NCT02810990,Chronic Myeloid Leukemia,Other
NCT02873598,Pancreatic Cancer,Pancreatic Cancer
NCT02921919,Cancer,Other
NCT02940886,Iron-Deficiency Anemia,Other
NCT02940886,Iron-Deficiency Anemia,Other
NCT02921893,Plasmacytoma,Other
NCT02921893,Plasma Cell Neoplasm,Other
NCT02942173,Graft Versus Host Disease,Other
NCT02942173,Leukemia,Leukemia
NCT02942173,Hematology,Hematologic Malignancies
NCT02942173,Myelodysplastic Syndrome,Hematologic Malignancies
NCT02942173,Graft Versus Host Disease,Other
NCT02942173,Opportunistic Infections,Other
NCT02946021,Head and Neck Neoplasm,Head & Neck Cancer
NCT02946021,Cardiovascular Neoplasm,Other
NCT02946021,Head and Neck Neoplasm,Head & Neck Cancer
NCT03606863,Colon Carcinoma,Other
NCT03606863,Parenteral Nutrition,Other
NCT03606863,Fast-track,Other
NCT02873975,Epithelial Neoplasm,Ovarian Cancer
NCT02829840,Leukemia,Leukemia
NCT02829840,Acute Myeloid Leukemia,AML
NCT02829840,Myelodysplastic Syndrome,Hematologic Malignancies
NCT03070548,Solid Tumors,Solid Tumors (NOS)
NCT02903914,Anal Cancer,Other
NCT02903914,Solid Tumors,Solid Tumors (NOS)
NCT02903914,Colorectal Cancer,Colorectal Cancer
NCT02903914,Gastric Cancer,Gastric Cancer
NCT02903914,Head and Neck Neoplasm,Head & Neck Cancer
NCT02903914,Thoracic Neoplasm,NSCLC
NCT02903914,Renal Cell Carcinoma,Other
NCT02903914,Bladder Cancer,Other
NCT02903914,Urothelial Carcinoma,Other
NCT02903914,Mesothelioma,Other
NCT02880371,Solid Tumors,Solid Tumors (NOS)
NCT02768792,Acute Myeloid Leukemia,AML
NCT02721550,Digestive System Neoplasm,Pancreatic Cancer
NCT02693067,Neuroendocrine Tumors,Other
NCT02886897,Hepatocellular Carcinoma,Other
NCT02886897,Renal Cell Carcinoma,Other
NCT02886897,Bladder Cancer,Other
NCT02886897,Colorectal Cancer,Colorectal Cancer
NCT02886897,Non-Small Cell Lung Cancer,NSCLC
NCT02886897,Breast Cancer,Breast Cancer
NCT02924753,T-cell acute lymphoblastic leukemia,Other
NCT02724878,Clear Cell Renal Cell Carcinoma,Other
NCT02725489,Breast Cancer,Breast Cancer
NCT02725489,Ovarian Cancer,Ovarian Cancer
NCT02725489,Fallopian Tube Cancer,Other
NCT02725489,Primary Peritoneal Cancer,Other
NCT02725489,Uterine Cancer,Other
NCT02725489,Cervical Cancer,Other
NCT02725489,Endometrial Cancer,Other
NCT02808442,Acute Lymphoblastic Leukemia,Leukemia
NCT02808442,Acute Lymphoblastic Leukemia,Leukemia
NCT02661685,Neoplasm Metastasis,Other
NCT02775370,Epithelial Neoplasm,Ovarian Cancer
NCT02787369,Chronic Lymphocytic Leukemia,Other
NCT04439123,Hematology,Hematologic Malignancies
NCT04439123,Solid Tumors,Solid Tumors (NOS)
NCT04439123,Hematology,Hematologic Malignancies
NCT04439123,Hematology,Hematologic Malignancies
NCT04439123,Solid Tumors,Solid Tumors (NOS)
NCT04439123,Multiple Myeloma,Multiple Myeloma
NCT01821833,Breast Cancer,Breast Cancer
NCT01821833,Female Reproductive System Neoplasm,Other
NCT01821833,Connective and Soft Tissue Neoplasm,Other
NCT02780310,Epithelial Neoplasm,Ovarian Cancer
NCT02692248,Diffuse Large B-Cell Lymphoma,Lymphoma
NCT02697058,Pancreatic Cancer,Pancreatic Cancer
NCT02688712,Rectal Carcinoma,Other
NCT02712112,Connective and Soft Tissue Neoplasm,Other
NCT02653105,Ovarian Cancer,Ovarian Cancer
NCT02680574,Anemia,Other
NCT02680574,Non-Dialysis-Dependent Chronic Kidney Disease,Other
NCT03564704,Leukemia,Leukemia
NCT03564704,Acute Leukemia,Other
NCT03564704,Non-Hodgkin Lymphoma,Lymphoma
NCT03564704,Acute Lymphoblastic Leukemia,Leukemia
NCT03564704,T-cell acute lymphoblastic leukemia,Other
NCT03564704,Acute Lymphoblastic Leukemia,Leukemia
NCT03564704,T Lymphoblastic Lymphoma,Other
NCT03564704,Acute Lymphoblastic Leukemia,Leukemia
NCT02460367,Non-Small Cell Lung Cancer,NSCLC
NCT02460367,Non-Small Cell Lung Cancer,NSCLC
NCT02460367,Non-Small Cell Lung Cancer,NSCLC
NCT02621970,Nasopharyngeal Cancer,Other
NCT02671955,Digestive System Neoplasm,Pancreatic Cancer
NCT02523469,Non-Small Cell Lung Cancer,NSCLC
NCT02459067,Malignant Melanoma,Other
NCT02459067,Non-Small Cell Lung Cancer,NSCLC
NCT02459067,Renal Cell Carcinoma,Other
NCT02634827,Acute Myeloid Leukemia,AML
NCT02634827,Acute Myeloid Leukemia,AML
NCT02634827,Acute Myeloid Leukemia,AML
NCT02634827,Acute Myeloid Leukemia,AML
NCT02634827,Acute Myeloid Leukemia,AML
NCT02622932,Solid Tumors,Solid Tumors (NOS)
NCT02384382,Prostate Cancer,Prostate Cancer
NCT02384382,Castration-Resistant Prostate Carcinoma,Other
NCT02496741,Glioma,Other
NCT02496741,Bile Duct Cancer,Other
NCT02496741,Chondrosarcoma,Other
NCT02549352,Actinic Keratosis,Other
NCT02608216,Breast Neoplasm,Breast Cancer
NCT02608216,Brain Metastasis,Other
NCT02608216,Breast Cancer,Breast Cancer
NCT02501902,Pancreatic Cancer,Pancreatic Cancer
NCT02494713,Prostate Cancer,Prostate Cancer
NCT02514603,Male Reproductive System Neoplasm,Other
NCT02574533,Skin Melanoma,Other
NCT02574533,Malignant Melanoma,Other
NCT02574533,Male Reproductive System Neoplasm,Other
NCT02648711,Solid Tumors,Solid Tumors (NOS)
NCT02752204,Diffuse Large B-Cell Lymphoma,Lymphoma
NCT02308072,Head and Neck Neoplasm,Head & Neck Cancer
NCT03507088,Brain Metastasis,Other
NCT02166658,Breast Cancer,Breast Cancer
NCT02166658,Thoracic Neoplasm,NSCLC
NCT02166658,Central Nervous System Neoplasm,Other
NCT02166658,Progressive Brain Metastases,Other
NCT02514382,Multiple Myeloma,Multiple Myeloma
NCT02514382,Multiple Myeloma,Multiple Myeloma
NCT02526329,Graft Versus Host Disease,Other
NCT02367040,Non-Hodgkin Lymphoma,Lymphoma
NCT02383966,Head and Neck Squamous Cell Carcinoma,Head & Neck Cancer
NCT02496208,Urinary Tract Carcinoma,Other
NCT02496208,Clear Cell Renal Cell Carcinoma,Other
NCT02496208,Urothelial Carcinoma,Other
NCT02496208,Urinary Tract Squamous Cell Carcinoma,Other
NCT02496208,Urothelial Carcinoma,Other
NCT02496208,Urothelial Carcinoma,Other
NCT02496208,Urothelial Carcinoma,Other
NCT02496208,Kidney Cancer,Other
NCT02496208,Genitourinary System Neoplasm,Other
NCT02496208,Solid Tumors,Solid Tumors (NOS)
NCT02496208,Renal Cell Carcinoma,Other
NCT02496208,Male Reproductive System Neoplasm,Other
NCT02496208,Male Reproductive System Neoplasm,Other
NCT02496208,Ureter Urothelial Carcinoma,Other
NCT02496208,Urethral Cancer,Other
NCT02496208,Ureter Urothelial Carcinoma,Other
NCT02496208,Ureter Urothelial Carcinoma,Other
NCT02496208,Renal Pelvis Carcinoma,Other
NCT02496208,Non-Clear Cell Renal Cell Carcinoma,Other
NCT02496208,Bladder Cancer,Other
NCT02496208,Male Reproductive System Neoplasm,Other
NCT02496208,Renal Cell Carcinoma,Other
NCT02496208,Urothelial Carcinoma,Other
NCT02496208,Urothelial Carcinoma,Other
NCT02496208,Ureter Urothelial Carcinoma,Other
NCT02496208,Urethral Cancer,Other
NCT02496208,Bladder Cancer,Other
NCT02496208,Male Reproductive System Neoplasm,Other
NCT02496208,Renal Cell Carcinoma,Other
NCT02496208,Urothelial Carcinoma,Other
NCT02420223,Multiple Myeloma,Multiple Myeloma
NCT02436408,Epithelial Neoplasm,Ovarian Cancer
NCT02497378,Multiple Myeloma,Multiple Myeloma
NCT01591356,Solid Tumors,Solid Tumors (NOS)
NCT02482311,Ovarian Cancer,Ovarian Cancer
NCT02438358,Breast Cancer,Breast Cancer
NCT02489903,Neuroendocrine Carcinoma,Other
NCT02489903,Non-Small Cell Lung Cancer,NSCLC
NCT02489903,Neuroendocrine Tumors,Other
NCT02489903,Ovarian Cancer,Ovarian Cancer
NCT02207309,Sarcoma,Other
NCT03757754,Esophageal Cancer,Other
NCT02394795,Colorectal Cancer,Colorectal Cancer
NCT02396134,Chronic Myeloid Leukemia,Other
NCT02396134,Acute Lymphoblastic Leukemia,Leukemia
NCT02396134,AML with maturation,Other
NCT02396134,Hodgkin Lymphoma,Lymphoma
NCT02396134,Non-Hodgkin Lymphoma,Lymphoma
NCT02396134,Chronic Myeloid Leukemia,Other
NCT02396134,Cytomegaloviral Infection,Other
NCT02396134,Hematology,Hematologic Malignancies
NCT02396134,HLA-A*0201 Positive Cells Present,Other
NCT02396134,Myelodysplastic Syndrome,Hematologic Malignancies
NCT02396134,Non-Hodgkin Lymphoma,Lymphoma
NCT02396134,Chronic Lymphocytic Leukemia,Other
NCT02396134,Primary Myelofibrosis,Other
NCT02396134,Myeloproliferative Neoplasm,Hematologic Malignancies
NCT04440956,Neuroendocrine Tumors,Other
NCT02292550,Non-Small Cell Lung Cancer,NSCLC
NCT02314169,Anal Cancer,Other
NCT02314169,Anal Cancer,Other
NCT02314169,Anal Cancer,Other
NCT02291055,Cervical Cancer,Other
NCT02291055,Cancer,Other
NCT02291055,Head and Neck Neoplasm,Head & Neck Cancer
NCT02353741,Non-Small Cell Lung Cancer,NSCLC
NCT02530411,Neoplasms,Other
NCT02866370,Ovarian Clear Cell Adenocarcinoma,Other
NCT02866370,Endometrial Clear Cell Adenocarcinoma,Other
NCT02437227,Male Reproductive System Neoplasm,Other
NCT02437227,Cancer,Other
NCT02322281,Non-Small Cell Lung Cancer,NSCLC
NCT02345408,Pancreatic Cancer,Pancreatic Cancer
NCT02517918,Solid Tumors,Solid Tumors (NOS)
NCT02517918,Osteosarcoma,Other
NCT02616601,Actinic Keratosis,Other
NCT03862170,Prostate Cancer,Prostate Cancer
NCT02250846,Lung Non-Squamous Non-Small Cell Carcinoma,Other
NCT02276560,Non-Small Cell Lung Cancer,NSCLC
NCT02314052,Hepatocellular Carcinoma,Other
NCT02254954,Glioblastoma,Other
NCT02391038,Advanced Gastrointestinal Carcinoma,Other
NCT02391038,Gastroesophageal Junction Cancer,Gastric Cancer
NCT02391038,Gastric Cancer,Gastric Cancer
NCT02391038,Gastroesophageal Junction Cancer,Gastric Cancer
NCT02391038,Gastric Cancer,Gastric Cancer
NCT02391038,Gastroesophageal Junction Cancer,Gastric Cancer
NCT02391038,Digestive System Neoplasm,Pancreatic Cancer
NCT02298387,Solid Tumors,Solid Tumors (NOS)
NCT02306278,Central Nervous System Neoplasm,Other
NCT02285179,Breast Cancer,Breast Cancer
NCT03012945,Elderly,Other
NCT03012945,Malignant Tumor,Other
NCT03012945,Surgical Resection,Other
NCT03012945,Epidural Anesthesia,Other
NCT03012945,Long-term Outcome,Other
NCT02212197,Prostate Cancer,Prostate Cancer
NCT02274337,Non-Small Cell Lung Cancer,NSCLC
NCT02217709,Prostate Cancer,Prostate Cancer
NCT02217709,Prostate Cancer,Prostate Cancer
NCT02217709,Prostate Cancer,Prostate Cancer
NCT02217709,Prostate Cancer,Prostate Cancer
NCT02217709,Prostate Cancer,Prostate Cancer
NCT02217709,Prostate Cancer,Prostate Cancer
NCT02231723,Pancreatic Cancer,Pancreatic Cancer
NCT02361112,Brain Metastasis,Other
NCT02029417,Acute Myeloid Leukemia,AML
NCT02029417,Acute Megakaryoblastic Leukemia,Other
NCT02029417,AML with minimal differentiation,Other
NCT02029417,Acute Myeloid Leukemia,AML
NCT02029417,Acute Monocytic Leukemia,Other
NCT02029417,AML with maturation,Other
NCT02029417,AML without maturation,Other
NCT02029417,Acute Myeloid Leukemia,AML
NCT02029417,Acute Myeloid Leukemia,AML
NCT02029417,Acute Myeloid Leukemia,AML
NCT02029417,Acute Myeloid Leukemia,AML
NCT02029417,Acute Myeloid Leukemia,AML
NCT02029417,Acute Myelomonocytic Leukemia,Other
NCT02029417,Acute Erythroid Leukemia,Other
NCT02029417,Acute Erythroid Leukemia,Other
NCT02029417,Acute Myeloid Leukemia,AML
NCT02029417,Acute Myeloid Leukemia,AML
NCT02115035,Multiple Myeloma,Multiple Myeloma
NCT02128191,Bronchopulmonary Dysplasia (BPD),Other
NCT02194426,Neoplasms,Other
NCT01880359,Head and Neck Squamous Cell Carcinoma,Head & Neck Cancer
NCT02195869,Graft Versus Host Disease,Other
NCT02101684,Female Reproductive System Neoplasm,Other
NCT02119468,Multiple Myeloma,Multiple Myeloma
NCT02119468,Multiple Myeloma,Multiple Myeloma
NCT02176746,Digestive System Neoplasm,Pancreatic Cancer
NCT02252146,Diffuse Large B-Cell Lymphoma,Lymphoma
NCT02059239,Hodgkin Lymphoma,Lymphoma
NCT02059239,Non-Hodgkin Lymphoma,Lymphoma
NCT01802814,Acute Lymphoblastic Leukemia,Leukemia
NCT01943188,Clear Cell Renal Cell Carcinoma,Other
NCT01943188,Renal Cell Carcinoma,Other
NCT01943188,Renal Cell Carcinoma,Other
NCT02069093,Breast Cancer,Breast Cancer
NCT02137785,Actinic Keratosis,Other
NCT02111577,Castration-Resistant Prostate Carcinoma,Other
NCT02038010,HER2-Positive Breast Cancer,Other
NCT02038010,Breast Cancer,Breast Cancer
NCT02038010,Breast Cancer,Breast Cancer
NCT02038010,Breast Cancer,Breast Cancer
NCT02038010,Breast Cancer,Breast Cancer
NCT02038010,Breast Cancer,Breast Cancer
NCT02071537,Malignant Neoplasm,Other
NCT02071537,Solid Tumors,Solid Tumors (NOS)
NCT02058381,Pre-menopausal Breast Cancer,Other
NCT02058381,PI3K Pathway Inhibition,Other
NCT05008237,Salivary Gland Cancer,Other
NCT01991873,Colorectal Cancer,Colorectal Cancer
NCT02065869,Acute Lymphoblastic Leukemia,Leukemia
NCT02065869,Acute Myeloid Leukemia,AML
NCT02065869,Non-Hodgkin Lymphoma,Lymphoma
NCT02065869,Myelodysplastic Syndrome,Hematologic Malignancies
NCT02065869,Primary Immunodeficiency,Other
NCT02065869,"Anemia, Aplastic",Other
NCT02065869,Osteopetrosis,Other
NCT02065869,Hemoglobinopathies,Other
NCT02065869,Myeloid Neoplasm,Other
NCT02065869,Fanconi Anemia,Other
NCT02065869,Diamond-Blackfan Anemia,Other
NCT02065869,Thalassemia,Other
NCT02065869,"Anemia, Sickle Cell",Other
NCT02146118,Non-Small Cell Lung Cancer,NSCLC
NCT02117167,Epithelial Neoplasm,Ovarian Cancer
NCT02697552,Non-Hodgkin Lymphoma,Lymphoma
NCT02159365,Multiple Myeloma,Multiple Myeloma
NCT01895842,Leukemia,Leukemia
NCT02041429,Breast Cancer,Breast Cancer
NCT02041429,Brain Metastasis,Other
NCT02076230,Solid Tumors,Solid Tumors (NOS)
NCT02089178,Breast Cancer,Breast Cancer
NCT03977103,Acute Myeloid Leukemia,AML
NCT03977103,Acute Lymphoblastic Leukemia,Leukemia
NCT03977103,Myeloproliferative Neoplasm,Hematologic Malignancies
NCT03977103,Hematology,Hematologic Malignancies
NCT03977103,Multiple Myeloma,Multiple Myeloma
NCT03977103,Other Hematologic Malignant Neoplasms,Other
NCT02027090,Non-Small Cell Lung Cancer,NSCLC
NCT02029937,Eye Neoplasm,Other
NCT02029937,Intraepithelial Neoplasia,Other
NCT01397799,Acute Myeloid Leukemia,AML
NCT01588951,Acute Myeloid Leukemia,AML
NCT01659502,Pancreatic Cancer,Pancreatic Cancer
NCT01928030,Lymphedema,Other
NCT01928030,Malignant Neoplasm,Other
NCT01987102,Osteosarcoma,Other
NCT02001272,Ovarian Cancer,Ovarian Cancer
NCT01969695,Non-Hodgkin Lymphoma,Lymphoma
NCT01974349,Solid Tumors,Solid Tumors (NOS)
NCT01809171,Breast Cancer,Breast Cancer
NCT01809171,Musculoskeletal Disease,Other
NCT01866449,Glioblastoma,Other
NCT01976195,Primary Immune Thrombocytopenia,Other
NCT01989845,Rivaroxaban,Other
NCT01989845,Cancer-associated Thrombosis,Other
NCT01989845,Recurrence,Other
NCT01989845,Genitourinary System Neoplasm,Other
NCT01848132,Diffuse Large B-Cell Lymphoma,Lymphoma
NCT01864772,Head and Neck Squamous Cell Carcinoma,Head & Neck Cancer
NCT01820325,Non-Small Cell Lung Cancer,NSCLC
NCT02083692,Head and Neck Squamous Cell Carcinoma,Head & Neck Cancer
NCT01816594,HER2-Positive Breast Cancer,Other
NCT01932580,Gastric Cancer,Gastric Cancer
NCT01932580,Esophageal Cancer,Other
NCT01795430,Adult Supratentorial Primitive Neuroectodermal Tumor (PNET),Other
NCT01795430,Ewing Sarcoma,Other
NCT01795430,Soft Tissue Sarcoma,Other
NCT01795430,Peripheral Primitive Neuroectodermal Tumor,Other
NCT01795430,Central Nervous System Embryonal Tumor,Other
NCT01795430,Connective and Soft Tissue Neoplasm,Other
NCT01795430,Untreated Childhood Supratentorial Primitive Neuroectodermal Tumor,Other
NCT01849380,Breast Neoplasm,Breast Cancer
NCT01849380,Gastric Cancer,Gastric Cancer
NCT01481233,Prostate Cancer,Prostate Cancer
NCT01849250,Breast Neoplasm,Breast Cancer
NCT01849250,Breast Ductal Carcinoma In Situ,Other
NCT01849250,Breast Cancer,Breast Cancer
NCT01849250,Breast Cancer,Breast Cancer
NCT01849250,Breast Paget Disease,Other
NCT01849250,Breast Cancer,Breast Cancer
NCT01849250,Breast Cancer,Breast Cancer
NCT01849250,Breast Cancer,Breast Cancer
NCT01849250,Breast Cancer,Breast Cancer
NCT01849250,Breast Cancer,Breast Cancer
NCT01849250,Breast Cancer,Breast Cancer
NCT01849250,Breast Cancer,Breast Cancer
NCT01867866,Solid Tumors,Solid Tumors (NOS)
NCT01846416,Non-Small Cell Lung Cancer,NSCLC
NCT04635852,Cancer,Other
NCT04635852,Respiratory System Neoplasm,Other
NCT01630564,Hematology,Hematologic Malignancies
NCT01805037,Diffuse Large B-Cell Lymphoma,Lymphoma
NCT01805037,T-Cell Non-Hodgkin Lymphoma,Other
NCT01805037,Anaplastic Large Cell Lymphoma,Other
NCT01805037,"Follicular Helper T-Cell Lymphoma, Angioimmunoblastic-Type",Other
NCT01805037,Burkitt Lymphoma,Other
NCT01805037,Contiguous Stage II Adult Diffuse Large Cell Lymphoma,Other
NCT01805037,Contiguous Stage II Adult Diffuse Mixed Cell Lymphoma,Other
NCT01805037,Contiguous Stage II Adult Diffuse Small Cleaved Cell Lymphoma,Other
NCT01805037,Diffuse Large B-Cell Lymphoma,Lymphoma
NCT01805037,Non-Hodgkin Lymphoma,Lymphoma
NCT01805037,Grade 1 Follicular Lymphoma,Other
NCT01805037,Grade 2 Follicular Lymphoma,Other
NCT01805037,Grade 3 Follicular Lymphoma,Other
NCT01805037,Mantle Cell Lymphoma,Other
NCT01805037,Marginal Zone Lymphoma,Other
NCT01805037,Small Lymphocytic Lymphoma,Other
NCT01805037,Primary Cutaneous B-Cell Non-Hodgkin Lymphoma,Other
NCT01805037,Epstein-Barr Virus Infection,Other
NCT01805037,Extranodal Marginal Zone Lymphoma,Other
NCT01805037,T-Cell Non-Hodgkin Lymphoma,Other
NCT01805037,Non-Hodgkin Lymphoma,Lymphoma
NCT01805037,Nodal Marginal Zone Lymphoma,Other
NCT01805037,Burkitt Lymphoma,Other
NCT01805037,Noncontiguous Stage II Adult Diffuse Large Cell Lymphoma,Other
NCT01805037,Noncontiguous Stage II Adult Diffuse Mixed Cell Lymphoma,Other
NCT01805037,Noncontiguous Stage II Adult Diffuse Small Cleaved Cell Lymphoma,Other
NCT01805037,Diffuse Large B-Cell Lymphoma,Lymphoma
NCT01805037,Non-Hodgkin Lymphoma,Lymphoma
NCT01805037,Grade 1 Follicular Lymphoma,Other
NCT01805037,Grade 2 Follicular Lymphoma,Other
NCT01805037,Grade 3 Follicular Lymphoma,Other
NCT01805037,Mantle Cell Lymphoma,Other
NCT01805037,Marginal Zone Lymphoma,Other
NCT01805037,Small Lymphocytic Lymphoma,Other
NCT01805037,Hematology,Hematologic Malignancies
NCT01805037,T-Cell Non-Hodgkin Lymphoma,Other
NCT01805037,Post-Transplant Lymphoproliferative Disorder,Other
NCT01805037,Hairy Cell Leukemia,Other
NCT01805037,Burkitt Lymphoma,Other
NCT01805037,Recurrent Adult Diffuse Mixed Cell Lymphoma,Other
NCT01805037,Recurrent Adult Diffuse Small Cleaved Cell Lymphoma,Other
NCT01805037,Diffuse Large B-Cell Lymphoma,Lymphoma
NCT01805037,Hodgkin Lymphoma,Lymphoma
NCT01805037,Diffuse Large B-Cell Lymphoma,Lymphoma
NCT01805037,Non-Hodgkin Lymphoma,Lymphoma
NCT01805037,Adult T-Cell Leukemia/Lymphoma,Other
NCT01805037,Primary Cutaneous T-Cell Non-Hodgkin Lymphoma,Other
NCT01805037,Grade 1 Follicular Lymphoma,Other
NCT01805037,Grade 3 Follicular Lymphoma,Other
NCT01805037,Mantle Cell Lymphoma,Other
NCT01805037,Marginal Zone Lymphoma,Other
NCT01805037,Mycosis Fungoides and Sezary Syndrome,Other
NCT01805037,Small Lymphocytic Lymphoma,Other
NCT01805037,Hairy Cell Leukemia,Other
NCT01805037,Digestive System Neoplasm,Pancreatic Cancer
NCT01805037,Splenic Marginal Zone Lymphoma,Other
NCT01805037,Burkitt Lymphoma,Other
NCT01805037,Diffuse Large B-Cell Lymphoma,Lymphoma
NCT01805037,Stage I Adult Diffuse Mixed Cell Lymphoma,Other
NCT01805037,Stage I Adult Diffuse Small Cleaved Cell Lymphoma,Other
NCT01805037,Hodgkin Lymphoma,Lymphoma
NCT01805037,Diffuse Large B-Cell Lymphoma,Lymphoma
NCT01805037,Non-Hodgkin Lymphoma,Lymphoma
NCT01805037,Adult T-Cell Leukemia/Lymphoma,Other
NCT01805037,Primary Cutaneous T-Cell Non-Hodgkin Lymphoma,Other
NCT01805037,Grade 1 Follicular Lymphoma,Other
NCT01805037,Grade 2 Follicular Lymphoma,Other
NCT01805037,Grade 3 Follicular Lymphoma,Other
NCT01805037,Mantle Cell Lymphoma,Other
NCT01805037,Marginal Zone Lymphoma,Other
NCT01805037,Small Lymphocytic Lymphoma,Other
NCT01805037,Mycosis Fungoides and Sezary Syndrome,Other
NCT01805037,Mycosis Fungoides and Sezary Syndrome,Other
NCT01805037,Hodgkin Lymphoma,Lymphoma
NCT01805037,Adult T-Cell Leukemia/Lymphoma,Other
NCT01805037,Primary Cutaneous T-Cell Non-Hodgkin Lymphoma,Other
NCT01805037,Mycosis Fungoides and Sezary Syndrome,Other
NCT01805037,Grade 2 Follicular Lymphoma,Other
NCT01805037,Mycosis Fungoides and Sezary Syndrome,Other
NCT01805037,Burkitt Lymphoma,Other
NCT01805037,Stage III Adult Diffuse Large Cell Lymphoma,Other
NCT01805037,Stage III Adult Diffuse Mixed Cell Lymphoma,Other
NCT01805037,Stage III Adult Diffuse Small Cleaved Cell Lymphoma,Other
NCT01805037,Hodgkin Lymphoma,Lymphoma
NCT01805037,Diffuse Large B-Cell Lymphoma,Lymphoma
NCT01805037,Non-Hodgkin Lymphoma,Lymphoma
NCT01805037,Adult T-Cell Leukemia/Lymphoma,Other
NCT01805037,Primary Cutaneous T-Cell Non-Hodgkin Lymphoma,Other
NCT01805037,Grade 1 Follicular Lymphoma,Other
NCT01805037,Grade 2 Follicular Lymphoma,Other
NCT01805037,Grade 3 Follicular Lymphoma,Other
NCT01805037,Mantle Cell Lymphoma,Other
NCT01805037,Marginal Zone Lymphoma,Other
NCT01805037,Small Lymphocytic Lymphoma,Other
NCT01805037,Mycosis Fungoides and Sezary Syndrome,Other
NCT01805037,Mycosis Fungoides and Sezary Syndrome,Other
NCT01805037,Burkitt Lymphoma,Other
NCT01805037,Diffuse Large B-Cell Lymphoma,Lymphoma
NCT01805037,Stage IV Adult Diffuse Mixed Cell Lymphoma,Other
NCT01805037,Stage IV Adult Diffuse Small Cleaved Cell Lymphoma,Other
NCT01805037,Hodgkin Lymphoma,Lymphoma
NCT01805037,Diffuse Large B-Cell Lymphoma,Lymphoma
NCT01805037,Non-Hodgkin Lymphoma,Lymphoma
NCT01805037,Adult T-Cell Leukemia/Lymphoma,Other
NCT01805037,T-Cell Non-Hodgkin Lymphoma,Other
NCT01805037,Grade 1 Follicular Lymphoma,Other
NCT01805037,Grade 2 Follicular Lymphoma,Other
NCT01805037,Grade 3 Follicular Lymphoma,Other
NCT01805037,Mantle Cell Lymphoma,Other
NCT01805037,Marginal Zone Lymphoma,Other
NCT01805037,Small Lymphocytic Lymphoma,Other
NCT01805037,Mycosis Fungoides and Sezary Syndrome,Other
NCT01805037,Mycosis Fungoides and Sezary Syndrome,Other
NCT01805037,T-Cell Large Granular Lymphocyte Leukemia,Other
NCT01805037,Testicular Cancer,Other
NCT01805037,Hairy Cell Leukemia,Other
NCT01805037,Waldenstrom Macroglobulinemia,Other
NCT01806675,Nasopharyngeal Cancer,Other
NCT01806675,Recurrent Lymphoepithelioma of the Oropharynx,Other
NCT01806675,Carcinoma of Unknown Primary,Other
NCT01806675,Recurrent Midline Lethal Granuloma of the Paranasal Sinus and Nasal Cavity,Other
NCT01806675,Lip and Oral Cavity Cancer,Other
NCT01806675,Nasopharyngeal Cancer,Other
NCT01806675,Non-Small Cell Lung Cancer,NSCLC
NCT01806675,Oropharyngeal Cancer,Other
NCT01806675,Pancreatic Cancer,Pancreatic Cancer
NCT01806675,Head and Neck Squamous Cell Carcinoma,Head & Neck Cancer
NCT01806675,Rectal Carcinoma,Other
NCT01806675,Renal Cell Carcinoma,Other
NCT01806675,Salivary Gland Cancer,Other
NCT01806675,Breast Cancer,Breast Cancer
NCT01806675,Non-Small Cell Lung Cancer,NSCLC
NCT01806675,Breast Cancer,Breast Cancer
NCT01806675,Non-Small Cell Lung Cancer,NSCLC
NCT01806675,Breast Cancer,Breast Cancer
NCT01806675,Breast Cancer,Breast Cancer
NCT01806675,Non-Small Cell Lung Cancer,NSCLC
NCT01806675,Pancreatic Cancer,Pancreatic Cancer
NCT01806675,Renal Cell Carcinoma,Other
NCT01806675,Colon Carcinoma,Other
NCT01806675,Rectal Carcinoma,Other
NCT01806675,Salivary Gland Cancer,Other
NCT01806675,Colon Carcinoma,Other
NCT01806675,Salivary Gland Cancer,Other
NCT01806675,Salivary Gland Cancer,Other
NCT01806675,Lip and Oral Cavity Cancer,Other
NCT01806675,Solid Tumors,Solid Tumors (NOS)
NCT01806675,Glioblastoma,Other
NCT01806675,Glioblastoma,Other
NCT01806675,Gliosarcoma,Other
NCT01806675,Male Breast Cancer,Other
NCT01806675,Head and Neck Squamous Cell Carcinoma,Head & Neck Cancer
NCT01806675,Lip and Oral Cavity Cancer,Other
NCT01806675,Central Nervous System Neoplasm,Other
NCT01806675,Skin Basal Cell Carcinoma,Other
NCT01806675,Colon Carcinoma,Other
NCT01806675,Recurrent Esthesioneuroblastoma of the Paranasal Sinus and Nasal Cavity,Other
NCT01806675,Hypopharyngeal Cancer,Other
NCT01806675,Epithelial Neoplasm,Ovarian Cancer
NCT01806675,Laryngeal Cancer,Other
NCT01806675,Lip and Oral Cavity Cancer,Other
NCT01783522,Chemotherapeutic Agent Toxicity,Other
NCT01783522,Multiple Myeloma,Multiple Myeloma
NCT01783522,Peripheral Neuropathy,Other
NCT01790737,Multiple Myeloma,Multiple Myeloma
NCT01859819,Diffuse Large B-Cell Lymphoma,Lymphoma
NCT01859819,Burkitt Lymphoma,Other
NCT01859819,High Grade B-Cell Lymphoma,Other
NCT01738451,Cancer,Other
NCT01740271,Breast Neoplasm,Breast Cancer
NCT01759810,Glioblastoma,Other
NCT01729338,Multiple Myeloma,Multiple Myeloma
NCT01763606,Cancer Patients First-ever Acute Ischemic Stroke,Other
NCT01659021,Chronic Lymphocytic Leukemia,Other
NCT01764880,Multiple Myeloma,Multiple Myeloma
NCT02724267,Internal Radiation,Other
NCT02724267,Hepatocellular Carcinoma,Other
NCT01680965,Chronic Graft Versus Host Disease,Other
NCT01585350,Male Reproductive System Neoplasm,Other
NCT01671774,Gastric Cancer,Gastric Cancer
NCT01671774,Gastroesophageal Junction Cancer,Gastric Cancer
NCT01671774,Esophageal Cancer,Other
NCT01633060,Brain Metastasis,Other
NCT01617226,Acute Myeloid Leukemia,AML
NCT01746992,Anaplastic Large Cell Lymphoma,Other
NCT01746992,"Peripheral T-Cell Lymphoma, Not Otherwise Specified",Other
NCT01746992,"Follicular Helper T-Cell Lymphoma, Angioimmunoblastic-Type",Other
NCT01746992,Enteropathy-Associated T-Cell Lymphoma,Other
NCT01746992,T-Cell Non-Hodgkin Lymphoma,Other
NCT01746992,Primary Cutaneous T-Cell Non-Hodgkin Lymphoma,Other
NCT01728623,Thyroid Cancer,Other
NCT01663415,Castration-Resistant Prostate Carcinoma,Other
NCT01634880,Head and Neck Neoplasm,Head & Neck Cancer
NCT01752257,Male Reproductive System Neoplasm,Other
NCT01929980,Allogeneic Stem Cell Transplantation,Other
NCT01929980,Refractory Autoimmune Cytopenia(s),Other
NCT01611766,Ovarian Cancer,Ovarian Cancer
NCT01611766,Fallopian Tube Cancer,Other
NCT01611766,Primary Peritoneal Cancer,Other
NCT01607580,Leukemia,Leukemia
NCT01693445,Digestive System Neoplasm,Pancreatic Cancer
NCT01531387,Sickle Cell Disease,Other
NCT01583816,Actinic Keratosis,Other
NCT01596647,Solid Tumors,Solid Tumors (NOS)
NCT01570868,Leukemia,Leukemia
NCT01655719,Thyroid Cancers That Contain the PAX8-PPARgamma Fusion Gene,Other
NCT01572662,Leukemia,Leukemia
NCT01572662,Acute Myeloid Leukemia,AML
NCT01572662,Acute Lymphoblastic Leukemia,Leukemia
NCT01572662,Chronic Myeloid Leukemia,Other
NCT01572662,Chronic Lymphocytic Leukemia,Other
NCT01572662,Myeloproliferative Neoplasm,Hematologic Malignancies
NCT01572662,Non-Hodgkin Lymphoma,Lymphoma
NCT01572662,Hodgkin Lymphoma,Lymphoma
NCT01572662,Multiple Myeloma,Multiple Myeloma
NCT01572662,Myelodysplastic Syndrome,Hematologic Malignancies
NCT01334502,Hematology,Hematologic Malignancies
NCT01516996,Oropharyngeal Cancer,Other
NCT01516996,Hypopharyngeal Cancer,Other
NCT01554254,Cord Blood Transplant,Other
NCT01554254,Hematology,Hematologic Malignancies
NCT01554254,Inherited Metabolic Disease,Other
NCT01886066,Endometrial Cancer,Other
NCT01886066,Sentinel Lymph Node,Other
NCT01886066,Indocyanine Green,Other
NCT01876043,Dedifferentiated Liposarcoma,Other
NCT01527136,Solid Tumors,Solid Tumors (NOS)
NCT01542437,Non-Small Cell Lung Cancer,NSCLC
NCT01542437,Lung Adenocarcinoma,Other
NCT01542437,HER-2,Other
NCT01620736,Adult T-Cell Leukemia/Lymphoma,Other
NCT03364439,Diffuse Large B-Cell Lymphoma,Lymphoma
NCT01428492,Multiple Myeloma,Multiple Myeloma
NCT01469572,Neuroendocrine Tumors,Other
NCT01481129,Diffuse Large B-Cell Lymphoma,Lymphoma
NCT01510756,Chronic Lymphocytic Leukemia,Other
NCT01468389,Gastric Cancer,Gastric Cancer
NCT01339442,Hormone Receptor-Positive Breast Cancer,Other
NCT01339442,Breast Cancer,Breast Cancer
NCT01339442,Breast Cancer,Breast Cancer
NCT03117335,Non-Small Cell Lung Cancer,NSCLC
NCT01460979,Female Reproductive System Neoplasm,Other
NCT01460979,Female Reproductive System Neoplasm,Other
NCT01460979,Female Reproductive System Neoplasm,Other
NCT01460979,Female Reproductive System Neoplasm,Other
NCT01431664,Leukemia,Leukemia
NCT01394120,Pancreatic Cancer,Pancreatic Cancer
NCT01429051,Break Through Pain,Other
NCT01429051,Cancer,Other
NCT02043756,Neoplasms,Other
NCT00816959,Hodgkin Lymphoma,Lymphoma
NCT01232296,Hepatocellular Carcinoma,Other
NCT01384253,Breast Neoplasm,Breast Cancer
NCT01384253,Peritoneal and Retroperitoneal Neoplasm,Other
NCT01384253,Female Reproductive System Neoplasm,Other
NCT01384253,Pancreatic Cancer,Pancreatic Cancer
NCT01384253,Digestive System Neoplasm,Pancreatic Cancer
NCT01362374,Neoplasms,Other
NCT01430013,T-Cell Non-Hodgkin Lymphoma,Other
NCT01328496,Hematology,Hematologic Malignancies
NCT01328496,Epithelial Neoplasm,Ovarian Cancer
NCT01328496,Hematology,Hematologic Malignancies
NCT01382706,Bladder Cancer,Other
NCT01382706,Bladder Cancer,Other
NCT01382706,Bladder Cancer,Other
NCT01382706,Urothelial Carcinoma,Other
NCT01639625,Cervical Cancer,Other
NCT01639625,Cervical Cancer,Other
NCT01074177,Non-Small Cell Lung Cancer,NSCLC
NCT01074177,Lung Adenocarcinoma,Other
NCT01191697,Esophageal Cancer,Other
NCT01191697,Gastric Cancer,Gastric Cancer
NCT01320020,Epithelial Neoplasm,Ovarian Cancer
NCT01409499,Hepatectomy,Other
NCT01409499,Hepatocellular Carcinoma,Other
NCT01409499,Sorafenib,Other
NCT01558947,Gastric Cancer,Gastric Cancer
NCT01156142,Head and Neck Neoplasm,Head & Neck Cancer
NCT01156142,Mucositis,Other
NCT01156142,Oral Complications of Radiation Therapy,Other
NCT01156142,Connective and Soft Tissue Neoplasm,Other
NCT01251172,Multiple Myeloma,Multiple Myeloma
NCT01251172,Multiple Myeloma,Multiple Myeloma
NCT01251172,Multiple Myeloma,Multiple Myeloma
NCT01251172,Multiple Myeloma,Multiple Myeloma
NCT01260506,Glioblastoma,Other
NCT01308645,Hepatocellular Carcinoma,Other
NCT05167370,Solid Tumors,Solid Tumors (NOS)
NCT05167370,Central Nervous System Neoplasm,Other
NCT01238770,Ovarian Cancer,Ovarian Cancer
NCT01242449,Breast Cancer,Breast Cancer
NCT01222754,Diffuse Intrinsic Pontine Glioma,Other
NCT01222754,Anaplastic Astrocytoma,Other
NCT01222754,High-Grade Glioma,Other
NCT01217437,Central Nervous System Neoplasm,Other
NCT01217437,Pineoblastoma,Other
NCT01217437,Medulloblastoma,Other
NCT01217437,Peripheral Primitive Neuroectodermal Tumor,Other
NCT01217437,Medulloblastoma,Other
NCT01217437,Peripheral Primitive Neuroectodermal Tumor,Other
NCT01195376,Solid Tumors,Solid Tumors (NOS)
NCT01240577,Neoplasms,Other
NCT01240577,Hematology,Hematologic Malignancies
NCT01197625,Prostate Cancer,Prostate Cancer
NCT01226407,Solid Tumors,Solid Tumors (NOS)
NCT01271920,HER2-Positive Breast Cancer,Other
NCT01370876,Head and Neck Neoplasm,Head & Neck Cancer
NCT01370876,Head and Neck Neoplasm,Head & Neck Cancer
NCT02225652,Breast Cancer,Breast Cancer
NCT02817555,Anemia,Other
NCT02817555,Chronic Kidney Disease,Other
NCT01270724,Central Nervous System Neoplasm,Other
NCT01718379,Myelodysplastic Syndrome,Hematologic Malignancies
NCT00829413,Liver Cancer,Other
NCT01091454,Triple-Negative Breast Cancer,Other
NCT01138163,Non-Small Cell Lung Cancer,NSCLC
NCT01146574,Anemia,Other
NCT01159028,Acute Myeloid Leukemia,AML
NCT01159028,Acute Lymphoblastic Leukemia,Leukemia
NCT01159028,Myelodysplastic Syndrome,Hematologic Malignancies
NCT01159028,Myeloid Neoplasm,Other
NCT01208194,Colorectal Cancer,Colorectal Cancer
NCT01323933,Neoplasms,Other
NCT01369121,Brain Edema,Other
NCT01369121,Central Nervous System Neoplasm,Other
NCT01094860,Leukemia,Leukemia
NCT01209208,Lymphocytic Colitis,Other
NCT01110785,Colorectal Cancer,Colorectal Cancer
NCT01077453,"Healthy, no Evidence of Disease",Other
NCT01077453,Breast Cancer,Breast Cancer
NCT01118975,Breast Cancer,Breast Cancer
NCT01118975,Neoplasm Metastasis,Other
NCT01042522,Female Reproductive System Neoplasm,Other
NCT01042522,Female Reproductive System Neoplasm,Other
NCT01042522,Female Reproductive System Neoplasm,Other
NCT01042522,Female Reproductive System Neoplasm,Other
NCT01042522,Ovarian Sex Cord-Stromal Tumor,Other
NCT01042522,Female Reproductive System Neoplasm,Other
NCT01042522,Female Reproductive System Neoplasm,Other
NCT01216436,Metastatic Melanoma,Other
NCT01246427,Breast Cancer,Breast Cancer
NCT01024920,Non-Clear Cell Renal Cell Carcinoma,Other
NCT01059552,Non-Small Cell Lung Cancer,NSCLC
NCT01183494,Colorectal Cancer,Colorectal Cancer
NCT01013740,Cancer,Other
NCT01019382,Pancreatic Cancer,Pancreatic Cancer
NCT00788697,Liver Cancer,Other
NCT00982436,Head and Neck Neoplasm,Head & Neck Cancer
NCT01160484,Multiple Myeloma,Multiple Myeloma
NCT00952289,Myeloproliferative Neoplasm,Hematologic Malignancies
NCT00838513,Atypical Hemolytic Uremic Syndrome,Other
NCT00927589,Epithelial Neoplasm,Ovarian Cancer
NCT00933374,Bladder Cancer,Other
NCT00961896,Skin Basal Cell Carcinoma,Other
NCT00962507,Hematology,Hematologic Malignancies
NCT00962507,Plasma Cell Neoplasm,Other
NCT05278728,Colorectal Cancer,Colorectal Cancer
NCT00918723,Small Lymphocytic Lymphoma,Other
NCT00918723,Chronic Lymphocytic Leukemia,Other
NCT00918723,Small Lymphocytic Lymphoma,Other
NCT00918723,Chronic Lymphocytic Leukemia,Other
NCT00918723,Small Lymphocytic Lymphoma,Other
NCT00918723,Chronic Lymphocytic Leukemia,Other
NCT00918723,Small Lymphocytic Lymphoma,Other
NCT00918723,Chronic Lymphocytic Leukemia,Other
NCT00918723,Chronic Lymphocytic Leukemia,Other
NCT00940784,Polycythemia Vera,Other
NCT01528501,Gastric Cancer,Gastric Cancer
NCT00807170,Non-Small Cell Lung Cancer,NSCLC
NCT00911326,Head and Neck Squamous Cell Carcinoma,Head & Neck Cancer
NCT01449344,Mantle Cell Lymphoma,Other
NCT00833040,Cancer,Other
NCT00833040,Connective and Soft Tissue Neoplasm,Other
NCT00868478,Chronic Lymphocytic Leukemia,Other
NCT01729663,Skin Melanoma,Other
NCT00858429,Liver Cancer,Other
NCT00858429,Anal Cancer,Other
NCT00723398,Breast Cancer,Breast Cancer
NCT00866177,Skin Melanoma,Other
NCT00866177,Skin Melanoma,Other
NCT00866177,Skin Melanoma,Other
NCT00867061,Myelodysplastic Syndrome,Hematologic Malignancies
NCT00931450,Breast Cancer,Breast Cancer
NCT01775423,Solid Tumors,Solid Tumors (NOS)
NCT00821886,Breast Cancer,Breast Cancer
NCT00832819,Non-Small Cell Lung Cancer,NSCLC
NCT00846508,Cervical Cancer,Other
NCT01227408,Breast Cancer,Breast Cancer
NCT00923247,Thyroid Gland Medullary Carcinoma,Other
NCT00841555,Anaplastic Astrocytoma,Other
NCT00850785,Non-Small Cell Lung Cancer,NSCLC
NCT00807872,Primary Amyloidosis,Other
NCT00828841,Non-Small Cell Lung Cancer,NSCLC
NCT00832520,Digestive System Neoplasm,Pancreatic Cancer
NCT00906750,Cancer,Other
NCT00729833,Digestive System Neoplasm,Pancreatic Cancer
NCT00729833,Solid Tumors,Solid Tumors (NOS)
NCT00860600,Essential Thrombocythemia,Other
NCT00882973,Pancreatic Cancer,Pancreatic Cancer
NCT01198392,Gastric Cancer,Gastric Cancer
NCT00750841,Solid Tumors,Solid Tumors (NOS)
NCT00733850,Pancreatic Cancer,Pancreatic Cancer
NCT00764517,B-Cell Non-Hodgkin Lymphoma,Other
NCT00764517,Chronic Lymphocytic Leukemia,Other
NCT00764517,Non-Hodgkin Lymphoma,Lymphoma
NCT00764517,B-Cell Non-Hodgkin Lymphoma,Other
NCT00786812,Chronic Myeloid Leukemia,Other
NCT00669565,Breast Cancer,Breast Cancer
NCT00738764,Cancer,Other
NCT00906360,Head and Neck Squamous Cell Carcinoma,Head & Neck Cancer
NCT00906360,Carcinoma of Unknown Primary,Other
NCT00906360,Salivary Gland Cancer,Other
NCT00906360,Hypopharyngeal Cancer,Other
NCT00906360,Laryngeal Cancer,Other
NCT00906360,Lip and Oral Cavity Cancer,Other
NCT00906360,Epithelial Neoplasm,Ovarian Cancer
NCT00906360,Oropharyngeal Cancer,Other
NCT00906360,Head and Neck Squamous Cell Carcinoma,Head & Neck Cancer
NCT00906360,Laryngeal Cancer,Other
NCT00906360,Lip and Oral Cavity Cancer,Other
NCT00906360,Salivary Gland Cancer,Other
NCT00906360,Salivary Gland Cancer,Other
NCT00906360,Hypopharyngeal Cancer,Other
NCT00906360,Laryngeal Cancer,Other
NCT00906360,Lip and Oral Cavity Cancer,Other
NCT00906360,Nasopharyngeal Cancer,Other
NCT00906360,Oropharyngeal Cancer,Other
NCT00906360,Head and Neck Squamous Cell Carcinoma,Head & Neck Cancer
NCT00906360,Laryngeal Cancer,Other
NCT00906360,Lip and Oral Cavity Cancer,Other
NCT00906360,Salivary Gland Cancer,Other
NCT00906360,Hypopharyngeal Cancer,Other
NCT00906360,Laryngeal Cancer,Other
NCT00906360,Lip and Oral Cavity Cancer,Other
NCT00906360,Head and Neck Squamous Cell Carcinoma,Head & Neck Cancer
NCT00906360,Oropharyngeal Cancer,Other
NCT00906360,Head and Neck Squamous Cell Carcinoma,Head & Neck Cancer
NCT00906360,Laryngeal Cancer,Other
NCT00906360,Lip and Oral Cavity Cancer,Other
NCT00906360,Lip and Oral Cavity Cancer,Other
NCT00906360,Epithelial Neoplasm,Ovarian Cancer
NCT00722293,Breast Neoplasm,Breast Cancer
NCT00642967,Anemia,Other
NCT00684996,Renal Cell Carcinoma,Other
NCT00684996,Renal Cell Carcinoma,Other
NCT00684996,Renal Cell Carcinoma,Other
NCT00684996,Renal Cell Carcinoma,Other
NCT00691054,Pancreatic Cancer,Pancreatic Cancer
NCT00698009,Kidney Wilms Tumor,Other
NCT00702494,Solid Tumors,Solid Tumors (NOS)
NCT00715793,Malignant Melanoma,Other
NCT01922492,Digestive System Neoplasm,Pancreatic Cancer
NCT00666081,Cancer,Other
NCT00677144,Digestive System Neoplasm,Pancreatic Cancer
NCT00629057,Androgen-insensitive Prostate Cancer,Other
NCT00634894,Ovarian Cancer,Ovarian Cancer
NCT00634894,Fallopian Tube Cancer,Other
NCT00634894,Peritoneal and Retroperitoneal Neoplasm,Other
NCT01442909,Non-Small Cell Lung Cancer,NSCLC
NCT00615589,Multiple Myeloma,Multiple Myeloma
NCT00615589,Plasma Cell Leukemia,Other
NCT00624182,Bile Duct Cancer,Other
NCT00602030,Non-Small Cell Lung Cancer,NSCLC
NCT00602030,Non-Small Cell Lung Cancer,NSCLC
NCT00761085,Sickle Cell Disease,Other
NCT00357760,Renal Cell Carcinoma,Other
NCT00573755,Breast Cancer,Breast Cancer
NCT00585845,Malignant Epithelial Mesothelioma,Other
NCT00585845,Pancreatic Cancer,Pancreatic Cancer
NCT00585845,Non-Small Cell Lung Cancer,NSCLC
NCT00585845,Adenocarcinoma of the Ovaries,Other
NCT00613743,Cancer,Other
NCT00613743,Mucositis,Other
NCT00467051,Ovarian Germ Cell Tumor,Other
NCT00467051,Testicular Germ Cell Cancer,Other
NCT00467051,Ovarian Cancer,Ovarian Cancer
NCT00467051,Ovarian Germ Cell Tumor,Other
NCT00467051,Ovarian Germ Cell Tumor,Other
NCT00467051,Germ Cell Tumor,Other
NCT00467051,Testicular Germ Cell Cancer,Other
NCT00467051,Ovarian Germ Cell Tumor,Other
NCT00467051,Testicular Non-Seminomatous Germ Cell Tumor,Other
NCT00467051,Testicular Non-Seminomatous Germ Cell Tumor,Other
NCT00467051,Testicular Germ Cell Cancer,Other
NCT00467051,Testicular Germ Cell Cancer,Other
NCT00467051,Testicular Non-Seminomatous Germ Cell Tumor,Other
NCT00467051,Testicular Non-Seminomatous Germ Cell Tumor,Other
NCT00467051,Germ Cell Tumor,Other
NCT00467051,Germ Cell Tumor,Other
NCT00431704,Brain Metastasis,Other
NCT00471445,Neurotoxicity,Other
NCT00471445,Connective and Soft Tissue Neoplasm,Other
NCT00471445,Peripheral Neuropathy,Other
NCT00471445,Solid Tumors,Solid Tumors (NOS)
NCT00502307,Non-Clear Cell Renal Cell Carcinoma,Other
NCT00557609,Renal Cell Carcinoma,Other
NCT00557609,Alveolar Soft Part Sarcoma,Other
NCT00557609,Clear Cell Sarcoma,Other
NCT00526799,Ovarian Cancer,Ovarian Cancer
NCT00527930,Breast Neoplasm,Breast Cancer
NCT00531401,Non-Small Cell Lung Cancer,NSCLC
NCT00954135,Breast Cancer,Breast Cancer
NCT00446069,Connective and Soft Tissue Neoplasm,Other
NCT00446069,Cancer,Other
NCT00471276,Breast Neoplasm,Breast Cancer
NCT00849186,Kidney Cancer,Other
NCT01268163,Cancer,Other
NCT01706627,Advanced Stage Cancer,Other
NCT00565656,Myelodysplastic Syndrome,Hematologic Malignancies
NCT00372905,Hematology,Hematologic Malignancies
NCT00429182,Breast Cancer,Breast Cancer
NCT00429182,Breast Cancer,Breast Cancer
NCT00429182,Breast Cancer,Breast Cancer
NCT00469859,Leukemia,Leukemia
NCT00474669,Ovarian Cancer,Ovarian Cancer
NCT00925314,Uveal Melanoma,Other
NCT00925314,Uveal Melanoma,Other
NCT00498407,Colorectal Cancer,Colorectal Cancer
NCT00498407,Colorectal Cancer,Colorectal Cancer
NCT00653848,Prostate Cancer,Prostate Cancer
NCT00466843,Myelodysplastic Syndrome,Hematologic Malignancies
NCT00568815,Hematology,Hematologic Malignancies
NCT00598091,Solid Tumors,Solid Tumors (NOS)
NCT00598091,Pancreatic Cancer,Pancreatic Cancer
NCT00620295,Breast Cancer,Breast Cancer
NCT00620295,Colorectal Cancer,Colorectal Cancer
NCT00620295,Head and Neck Neoplasm,Head & Neck Cancer
NCT00620295,Kidney Cancer,Other
NCT00620295,Thoracic Neoplasm,NSCLC
NCT00620295,Ovarian Cancer,Ovarian Cancer
NCT00620295,Pancreatic Cancer,Pancreatic Cancer
NCT00620295,Prostate Cancer,Prostate Cancer
NCT00620295,Sarcoma,Other
NCT00723216,Abdominal Neoplasms,Other
NCT00432562,Breast Cancer,Breast Cancer
NCT00432562,Non-Small Cell Lung Cancer,NSCLC
NCT00432562,Non-Hodgkin Lymphoma,Lymphoma
NCT00444535,Breast Neoplasm,Breast Cancer
NCT00085098,Central Nervous System Neoplasm,Other
NCT00085098,Central Nervous System Neoplasm,Other
NCT00406302,Non-Small Cell Lung Cancer,NSCLC
NCT00434330,Anemia,Other
NCT00434330,Chronic Kidney Disease,Other
NCT00434330,Chronic Renal Failure,Other
NCT00434473,Sickle Cell Disease,Other
NCT00434473,Vaso-occlusive Crisis,Other
NCT00434473,Acute Chest Syndrome,Other
NCT00733889,Esophageal Cancer,Other
NCT00382733,Tumors,Other
NCT00398281,Prostate Cancer,Prostate Cancer
NCT00551512,Cancer,Other
NCT00551512,Solid Tumors,Solid Tumors (NOS)
NCT00625937,Head and Neck Neoplasm,Head & Neck Cancer
NCT00411138,Endometrial Cancer,Other
NCT00373373,Acute Myeloid Leukemia,AML
NCT00418093,Ovarian Cancer,Ovarian Cancer
NCT00418093,Fallopian Tube Cancer,Other
NCT00418093,Primary Peritoneal Cancer,Other
NCT00368121,Multiple Myeloma,Multiple Myeloma
NCT00463073,High-Grade Glioma,Other
NCT00743067,Solid Tumors,Solid Tumors (NOS)
NCT00345163,Glioblastoma,Other
NCT00381875,Nonneoplastic Condition,Other
NCT00330915,Digestive System Neoplasm,Pancreatic Cancer
NCT00336856,Colon Carcinoma,Other
NCT00336856,Rectal Carcinoma,Other
NCT00339131,Adrenal Gland Pheochromocytoma,Other
NCT00339131,Paraganglioma,Other
NCT00339131,Neuroendocrine Tumors,Other
NCT00387205,Non-Clear Cell Renal Cell Carcinoma,Other
NCT00307723,Pancreatic Cancer,Pancreatic Cancer
NCT00307723,Pancreatic Cancer,Pancreatic Cancer
NCT00316875,Breast Cancer,Breast Cancer
NCT00352755,Peritoneal and Retroperitoneal Neoplasm,Other
NCT00319748,Breast Cancer,Breast Cancer
NCT00319748,Ovarian Cancer,Ovarian Cancer
NCT00319748,Endometrial Cancer,Other
NCT00319748,Cervical Cancer,Other
NCT00454324,Small Cell Lung Cancer,Other
NCT00508807,Leukemia,Leukemia
NCT00508807,Solid Tumors,Solid Tumors (NOS)
NCT01087424,Diffuse Large B-Cell Lymphoma,Lymphoma
NCT00321100,Digestive System Neoplasm,Pancreatic Cancer
NCT00319839,Head and Neck Neoplasm,Head & Neck Cancer
NCT00420485,Solid Tumors,Solid Tumors (NOS)
NCT00446290,Gastric Cancer,Gastric Cancer
NCT00458796,Breast Cancer,Breast Cancer
NCT00458796,Hypercalcemia of Malignancy,Other
NCT00458796,Anal Cancer,Other
NCT00458796,Musculoskeletal Complications,Other
NCT00458796,Connective and Soft Tissue Neoplasm,Other
NCT00406978,Multiple Myeloma,Multiple Myeloma
NCT00303082,Bacterial Vaginosis,Other
NCT00303082,Premature Birth,Other
NCT00303082,Sepsis,Other
NCT00303082,Periventricular Leukomalacia,Other
NCT00303082,Bronchopulmonary Dysplasia,Other
NCT00303953,Burkitt Lymphoma,Other
NCT00303953,Diffuse Large B-Cell Lymphoma,Lymphoma
NCT00389922,Solid Tumors,Solid Tumors (NOS)
NCT00543231,Tumors,Other
NCT00861419,Solid Tumors,Solid Tumors (NOS)
NCT00174369,Non-Small Cell Lung Cancer,NSCLC
NCT00237575,Bladder Cancer,Other
NCT01058538,Solid Tumors,Solid Tumors (NOS)
NCT03362684,Colorectal Cancer,Colorectal Cancer
NCT00240682,Skin Neoplasm,Other
NCT00240682,Epithelial Neoplasm,Ovarian Cancer
NCT00310050,Pancreatic Cancer,Pancreatic Cancer
NCT02013817,Chronic Lymphocytic Leukemia,Other
NCT00121225,Uveal Melanoma,Other
NCT00121225,Eye Neoplasm,Other
NCT00121225,Uveal Melanoma,Other
NCT00121225,Uveal Melanoma,Other
NCT00121225,Eye Neoplasm,Other
NCT00121225,Skin Melanoma,Other
NCT00121225,Skin Melanoma,Other
NCT00247507,Anemia,Other
NCT00247507,Atherosclerosis,Other
NCT00247507,End-Stage Renal Disease,Other
NCT00247507,Oxidative Stress,Other
NCT00247507,Pro-Inflammation,Other
NCT00248404,Tumors,Other
NCT00250419,Cancers Expressing HER-2 and/or CEA,Other
NCT00288925,Pancreatic Cancer,Pancreatic Cancer
NCT00376740,Breast Cancer,Breast Cancer
NCT00532285,Breast Cancer,Breast Cancer
NCT00129571,Cancer,Other
NCT00207077,Neoplasms,Other
NCT00361088,Multiple Myeloma,Multiple Myeloma
NCT02182050,Non-Small Cell Lung Cancer,NSCLC
NCT00100945,Esophageal Cancer,Other
NCT00125749,Male Reproductive System Neoplasm,Other
NCT00125749,Neoplasm Metastasis,Other
NCT00138177,Solid Tumors,Solid Tumors (NOS)
NCT00138177,Colon Carcinoma,Other
NCT00138177,Rectal Carcinoma,Other
NCT00138177,Colon Carcinoma,Other
NCT00138177,Rectal Carcinoma,Other
NCT00138177,Colon Carcinoma,Other
NCT00138177,Rectal Carcinoma,Other
NCT00176748,Thyroid Cancer,Other
NCT00196820,Breast Cancer,Breast Cancer
NCT00271804,Myelodysplastic Syndrome,Hematologic Malignancies
NCT00398554,Hematology,Hematologic Malignancies
NCT00544986,Breast Cancer,Breast Cancer
NCT00217711,Colorectal Cancer,Colorectal Cancer
NCT00295971,Congenital Amegakaryocytic Thrombocytopenia,Other
NCT00295971,Leukemia,Leukemia
NCT00295971,Myelodysplastic Syndrome,Hematologic Malignancies
NCT00295971,Severe Congenital Neutropenia,Other
NCT00083083,Thoracic Neoplasm,NSCLC
NCT00101270,Burkitt Lymphoma,Other
NCT00101270,Germ Cell Tumor,Other
NCT00101270,Diffuse Large B-Cell Lymphoma,Lymphoma
NCT00101270,Diffuse Large B-Cell Lymphoma,Lymphoma
NCT00101270,Diffuse Large B-Cell Lymphoma,Lymphoma
NCT00101270,Glioma,Other
NCT00101270,Glioma,Other
NCT00101270,Glioma,Other
NCT00101270,Ependymoma,Other
NCT00101270,Diffuse Large B-Cell Lymphoma,Lymphoma
NCT00101270,Recurrent Childhood Large Cell Lymphoma,Other
NCT00101270,Liver Cancer,Other
NCT00101270,Non-Hodgkin Lymphoma,Lymphoma
NCT00101270,Germ Cell Tumor,Other
NCT00101270,Medulloblastoma,Other
NCT00101270,Rhabdomyosarcoma,Other
NCT00101270,B-Cell Non-Hodgkin Lymphoma,Other
NCT00101270,Soft Tissue Sarcoma,Other
NCT00101270,Central Nervous System Embryonal Tumor,Other
NCT00101270,Glioma,Other
NCT00101270,Colon Carcinoma,Other
NCT00101270,Connective and Soft Tissue Neoplasm,Other
NCT00101270,Skin Melanoma,Other
NCT00101270,Nasopharyngeal Cancer,Other
NCT00101270,Recurrent Neuroblastoma,Other
NCT00101270,Osteosarcoma,Other
NCT00101270,Kidney Wilms Tumor,Other
NCT00101270,Hodgkin Lymphoma,Lymphoma
NCT00101270,Solid Tumors,Solid Tumors (NOS)
NCT00106262,Cervical Cancer,Other
NCT00121602,Anemia,Other
NCT00121602,Kidney Disease,Other
NCT00191854,Breast Cancer,Breast Cancer
NCT00102791,Sickle Cell Disease,Other
NCT00142415,Renal Cell Carcinoma,Other
NCT00806923,Lung Non-Squamous Non-Small Cell Carcinoma,Other
NCT00147901,Chronic Lymphocytic Leukemia,Other
NCT00457743,Gastrointestinal Stromal Tumor,Other
NCT00874978,Myelodysplastic Syndrome,Hematologic Malignancies
NCT00216437,Liver Cancer,Other
NCT00041262,Esophageal Cancer,Other
NCT00096135,Leukemia,Leukemia
NCT00155259,Breast Cancer,Breast Cancer
NCT00088556,Non-Small Cell Lung Cancer,NSCLC
NCT00093730,Solid Tumors,Solid Tumors (NOS)
NCT00176501,Kidney Cancer,Other
NCT00076102,Neurofibromatosis,Other
NCT00076102,Neurofibroma,Other
NCT00227682,Plasma Cell Neoplasm,Other
NCT00085462,Skin Melanoma,Other
NCT00245089,Sarcoma,Other
NCT02461121,Acute Myeloid Leukemia,AML
NCT00159445,Colorectal Cancer,Colorectal Cancer
NCT00159445,Colon Carcinoma,Other
NCT00080990,Solid Tumors,Solid Tumors (NOS)
NCT00072670,Prostate Cancer,Prostate Cancer
NCT00077025,Breast Cancer,Breast Cancer
NCT00077493,Leukemia,Leukemia
NCT00077493,Hematology,Hematologic Malignancies
NCT00191477,Urinary System Neoplasm,Other
NCT00426101,Hemophagocytic Lymphohistiocytosis,Other
NCT02494596,Solid Tumors,Solid Tumors (NOS)
NCT00226798,Epithelial Neoplasm,Ovarian Cancer
NCT01270906,Neoplasms,Other
NCT01270906,Cancer,Other
NCT01270906,Tumors,Other
NCT00154349,Philadelphia Chromosome Positive Acute Lymphocytic Leukemia,Other
NCT00617968,Breast Neoplasm,Breast Cancer
NCT00069160,Thoracic Neoplasm,NSCLC
NCT00069160,Female Reproductive System Neoplasm,Other
NCT00069160,Female Reproductive System Neoplasm,Other
NCT00069160,Urinary System Neoplasm,Other
NCT00086931,Colorectal Cancer,Colorectal Cancer
NCT00504660,WHO Grade 3 Glioma,Other
NCT00504660,Glioblastoma,Other
NCT00504660,Central Nervous System Neoplasm,Other
NCT00489983,Non-Small Cell Lung Cancer,NSCLC
NCT00061958,Esophageal Cancer,Other
NCT00061958,Esophageal Cancer,Other
NCT00061958,Esophageal Cancer,Other
NCT00064311,Breast Cancer,Breast Cancer
NCT00064311,Myeloproliferative Neoplasm,Hematologic Malignancies
NCT00064311,Gestational Trophoblastic Neoplasia,Other
NCT00064311,Infectious Disorder,Other
NCT00064311,Leukemia,Leukemia
NCT00064311,Hematology,Hematologic Malignancies
NCT00064311,Plasma Cell Neoplasm,Other
NCT00064311,Myelodysplastic Syndrome,Hematologic Malignancies
NCT00064311,Myeloid Neoplasm,Other
NCT00064311,Kidney Wilms Tumor,Other
NCT00064311,Ovarian Cancer,Ovarian Cancer
NCT00064311,Male Reproductive System Neoplasm,Other
NCT00319618,Brain Metastasis,Other
NCT00168727,Non-Hodgkin Lymphoma,Lymphoma
NCT00168727,"Lymphoma, Low-Grade",Other
NCT00060645,Tumors,Other
NCT00060645,Hematology,Hematologic Malignancies
NCT00060645,Multiple Myeloma,Multiple Myeloma
NCT00126269,Epithelial Neoplasm,Ovarian Cancer
NCT00488709,Acute Myeloid Leukemia,AML
NCT01085058,Hodgkin Lymphoma,Lymphoma
NCT01085058,Non-Hodgkin Lymphoma,Lymphoma
NCT01085058,Multiple Myeloma,Multiple Myeloma
NCT00193479,Non-Hodgkin Lymphoma,Lymphoma
NCT00431561,Glioblastoma,Other
NCT00431561,Anaplastic Astrocytoma,Other
NCT00060567,Cancer,Other
NCT00071955,Hematology,Hematologic Malignancies
NCT00060242,Head and Neck Neoplasm,Head & Neck Cancer
NCT00122499,Prostate Cancer,Prostate Cancer
NCT00122499,Erectile Dysfunction,Other
NCT00060710,Malignant Melanoma,Other
NCT00334295,Endometrial Cancer,Other
NCT00058006,Head and Neck Neoplasm,Head & Neck Cancer
NCT00058006,Thoracic Neoplasm,NSCLC
NCT00047242,Solid Tumors,Solid Tumors (NOS)
NCT00149019,Epithelial Neoplasm,Ovarian Cancer
NCT00448643,Endometrial Cancer,Other
NCT00044525,Breast Neoplasm,Breast Cancer
NCT00044525,Breast Cancer,Breast Cancer
NCT00256230,Skin Melanoma,Other
NCT00023933,Colon Carcinoma,Other
NCT00023933,Rectal Carcinoma,Other
NCT00023933,Colon Carcinoma,Other
NCT00023933,Rectal Carcinoma,Other
NCT00023933,Colon Carcinoma,Other
NCT00023933,Rectal Carcinoma,Other
NCT00328549,Hepatitis C,Other
NCT00328549,Anemia,Other
NCT00024310,Solid Tumors,Solid Tumors (NOS)
NCT00024310,Drug/Agent Toxicity by Tissue/Organ,Other
NCT00030069,Myelodysplastic Syndrome,Hematologic Malignancies
NCT00050843,Myelodysplastic Syndrome,Hematologic Malignancies
NCT00041808,"Metastases, Neoplasm",Other
NCT00041808,Digestive System Neoplasm,Pancreatic Cancer
NCT00041808,Digestive System Neoplasm,Pancreatic Cancer
NCT00041808,Digestive System Neoplasm,Pancreatic Cancer
NCT00041808,Pancreatic Cancer,Pancreatic Cancer
NCT00041808,Breast Neoplasm,Breast Cancer
NCT00041808,Male Reproductive System Neoplasm,Other
NCT00041808,Sarcoma,Other
NCT00041808,Digestive System Neoplasm,Pancreatic Cancer
NCT00041808,Thoracic Neoplasm,NSCLC
NCT00041808,Liver Cancer,Other
NCT00041808,Bile Duct Cancer,Other
NCT00403624,Digestive System Neoplasm,Pancreatic Cancer
NCT00586898,Male Reproductive System Neoplasm,Other
NCT00586898,Cancer,Other
NCT00586898,Hormonal Cycling,Other
NCT00038649,Chronic Leukemia,Other
NCT00014118,Head and Neck Neoplasm,Head & Neck Cancer
NCT00027742,Uveal Melanoma,Other
NCT00027742,Skin Melanoma,Other
NCT00211198,Adult T-Cell Leukemia/Lymphoma,Other
NCT00014690,Fallopian Tube Cancer,Other
NCT00014690,Ovarian Cancer,Ovarian Cancer
NCT00014690,Primary Peritoneal Cancer,Other
NCT00022334,Liver Cancer,Other
NCT00550784,Fallopian Tube Cancer,Other
NCT00550784,Ovarian Cancer,Ovarian Cancer
NCT00550784,Peritoneal and Retroperitoneal Neoplasm,Other
NCT00006257,Solid Tumors,Solid Tumors (NOS)
NCT00006484,Thoracic Neoplasm,NSCLC
NCT00004208,Myelodysplastic Syndrome,Hematologic Malignancies
NCT00008294,Colorectal Cancer,Colorectal Cancer
NCT00008294,Anal Cancer,Other
NCT00006107,Head and Neck Neoplasm,Head & Neck Cancer
NCT00005841,Uveal Melanoma,Other
NCT00005841,Skin Melanoma,Other
NCT00006122,Leukemia,Leukemia
NCT00006120,Breast Cancer,Breast Cancer
NCT00015821,Primary Myelofibrosis,Other
NCT00005858,Bladder Cancer,Other
NCT00005858,Breast Cancer,Breast Cancer
NCT00005858,Colorectal Cancer,Colorectal Cancer
NCT00005858,Thoracic Neoplasm,NSCLC
NCT00005858,Ovarian Cancer,Ovarian Cancer
NCT00005858,Pancreatic Cancer,Pancreatic Cancer
NCT01122121,Prostate Cancer,Prostate Cancer
NCT01663714,Non-Hodgkin Lymphoma,Lymphoma
NCT00022932,Non-Hodgkin Lymphoma,Lymphoma
NCT01225874,Leukemia,Leukemia
NCT00004172,Breast Cancer,Breast Cancer
NCT00004173,Solid Tumors,Solid Tumors (NOS)
NCT00003810,Pancreatic Cancer,Pancreatic Cancer
NCT00563862,Head and Neck Neoplasm,Head & Neck Cancer
NCT00563862,Epithelial Neoplasm,Ovarian Cancer
NCT00004158,Plasma Cell Neoplasm,Other
NCT00003645,Prostate Cancer,Prostate Cancer
NCT00003779,Bladder Cancer,Other
NCT00003664,Kidney Cancer,Other
NCT00003682,Prostate Cancer,Prostate Cancer
NCT00004202,Thoracic Neoplasm,NSCLC
NCT00003447,Thoracic Neoplasm,NSCLC
NCT00003463,Central Nervous System Embryonal Tumor,Other
NCT00003687,Myeloproliferative Neoplasm,Hematologic Malignancies
NCT00003687,Leukemia,Leukemia
NCT00003687,Hematology,Hematologic Malignancies
NCT00003687,Plasma Cell Neoplasm,Other
NCT00003687,Myelodysplastic Syndrome,Hematologic Malignancies
NCT00003687,Connective and Soft Tissue Neoplasm,Other
NCT00003687,Intraepithelial Neoplasia,Other
NCT00003687,Small Intestinal Cancer,Other
NCT00003687,Solid Tumors,Solid Tumors (NOS)
NCT00003239,Leukemia,Leukemia
NCT00003210,Extranodal Marginal Zone Lymphoma,Other
NCT00003210,Nodal Marginal Zone Lymphoma,Other
NCT00003210,Diffuse Large B-Cell Lymphoma,Lymphoma
NCT00003210,Recurrent Adult Diffuse Mixed Cell Lymphoma,Other
NCT00003210,Recurrent Adult Diffuse Small Cleaved Cell Lymphoma,Other
NCT00003210,Hodgkin Lymphoma,Lymphoma
NCT00003210,Diffuse Large B-Cell Lymphoma,Lymphoma
NCT00003210,Primary Cutaneous T-Cell Non-Hodgkin Lymphoma,Other
NCT00003210,Grade 1 Follicular Lymphoma,Other
NCT00003210,Grade 2 Follicular Lymphoma,Other
NCT00003210,Grade 3 Follicular Lymphoma,Other
NCT00003210,Mantle Cell Lymphoma,Other
NCT00003210,Marginal Zone Lymphoma,Other
NCT00003210,Mycosis Fungoides and Sezary Syndrome,Other
NCT00003210,Small Lymphocytic Lymphoma,Other
NCT00003210,Splenic Marginal Zone Lymphoma,Other
NCT00003210,Waldenstrom Macroglobulinemia,Other
NCT00003193,Head and Neck Neoplasm,Head & Neck Cancer
NCT00003193,Oral Complications,Other
NCT00003357,Breast Cancer,Breast Cancer
NCT00003128,Sarcoma,Other
NCT00004162,Hematology,Hematologic Malignancies
NCT00001626,Severe Aplastic Anemia (SAA),Other
NCT00003261,Hematology,Hematologic Malignancies
NCT00019214,Skin Melanoma,Other
NCT00154726,Gastric Cancer,Gastric Cancer
NCT00002990,Bladder Cancer,Other
NCT00003495,Thoracic Neoplasm,NSCLC
NCT00001449,Neoplasms,Other
NCT00002865,Leukemia,Leukemia
NCT00869284,Hematology,Hematologic Malignancies
NCT00002551,Colorectal Cancer,Colorectal Cancer
NCT00001398,Aplastic Anemia,Other
NCT00001398,Hairy Cell Leukemia,Other
NCT00003364,Thoracic Neoplasm,NSCLC
NCT00002844,Leukemia,Leukemia
NCT00002456,Graft Versus Host Disease,Other
NCT00002456,Leukemia,Leukemia
NCT00002456,Hematology,Hematologic Malignancies
NCT00000660,Kaposi sarcoma,Other
NCT00000660,HIV Infection,Other
NCT00002003,Non-Hodgkin Lymphoma,Lymphoma
NCT00002003,HIV Infection,Other
NCT00041691,Digestive System Neoplasm,Pancreatic Cancer
NCT00365755,Kidney Wilms Tumor,Other
NCT01410708,Breast Cancer,Breast Cancer
